running_no;year;boxor;box;HEXP;egg_code;code_shift;eggmass;bs_final;bs_origin;individual;sex;mass0;mass2;mass5;mass8;mass11;mass12;mass14;tars14R;tarwho;pha_fin
1;2016;2016_N010;2016_N010;CORT;2016_E0112;0;1.28;8;2;ID00511;F;0.87;2;;8.6;10;11.32;;16.93;MEASURER1;0.506666667
2;2016;2016_N011;2016_N010;T4;2016_E0107;0;1.26;8;8;ID00513;M;0.86;2.3;;9.6;11.42;11.92;;17.45;MEASURER1;1.413333333
3;2016;2016_N011;2016_N010;CORT;2016_E0108;0;1.24;8;8;ID00512;M;0.88;2.5;;9.9;11.46;11.46;;17.5;MEASURER1;1.1
4;2016;2016_N018;2016_N018;T4;2016_E0185;0;1.12;8;8;ID00536;M;0.78;1.4;3.7;6.4;8.52;9.76;10.3;17.33;MEASURER1;0.963333333
5;2016;2016_N018;2016_N018;T4;2016_E0186;0;1.14;8;8;ID00531;F;0.77;1.9;5.4;7.8;9.33;10.04;10.1;16.96;MEASURER1;0.616666667
6;2016;2016_N018;2016_N018;C;2016_E0188;0;1.11;8;8;ID00533;M;0.82;2;5.4;8;9.8;9.84;10.5;17.28;MEASURER1;0.686666667
7;2016;2016_N019;2016_N018;T4;2016_E0182;0;1.36;8;9;ID00535;M;0.84;2.2;6.3;8.8;10.93;11.41;11.4;16.45;MEASURER1;0.943333333
8;2016;2016_N019;2016_N018;CORT;2016_E0183;0;1.42;8;9;ID00532;M;0.95;2.2;6.3;9.6;10.86;11.8;11.7;17.54;MEASURER1;0.636666667
9;2016;2016_N019;2016_N018;C;2016_E0184;0;1.38;8;9;ID00534;M;0.94;2.2;6.6;9.6;11.37;11.57;12.5;17.08;MEASURER1;0.82
10;2016;2016_N033;2016_N033;T4;2016_E0351;0;1.17;7;8;ID00564;F;0.87;2.3;6.5;9.6;10.36;10.83;11;15.92;MEASURER1;1.213333333
11;2016;2016_N033;2016_N033;CORT;2016_E0352;0;1.16;7;8;ID00559;F;0.85;2;5.7;9;10.39;10.14;10.8;15.62;MEASURER1;0.446666667
12;2016;2016_N033;2016_N033;C;2016_E0353;0;1.14;7;8;ID00561;F;0.75;2.2;6.1;9.3;10.22;10.72;11.4;16.19;MEASURER1;0.763333333
13;2016;2016_N034;2016_N033;T4;2016_E0354;0;1.29;7;8;ID00563;F;0.96;1.5;4.7;7.8;9.62;9.81;10.5;16.27;MEASURER1;1.123333333
14;2016;2016_N034;2016_N033;CORT;2016_E0355;0;1.26;7;8;ID00562;M;0.8;2;5.5;8.9;10.55;10.35;11.4;16.1;MEASURER1;0.763333333
15;2016;2016_N034;2016_N033;C;2016_E0356;0;1.26;7;8;ID00560;F;0.83;1.7;4.7;7.8;9.49;9.92;10.7;15.48;MEASURER1;0.623333333
16;2016;2016_N033;2016_N034;T4;2016_E0367;0;1.17;7;8;ID00566;M;0.84;1.6;4.8;8.1;9.91;10.15;11.1;17.14;MEASURER1;0.643333333
17;2016;2016_N033;2016_N034;CORT;2016_E0368;0;1.16;7;8;ID00569;M;0.77;1.5;4.5;8;9.94;10.44;11.6;16.9;MEASURER1;1.113333333
18;2016;2016_N033;2016_N034;C;2016_E0369;0;1.15;7;8;ID00565;F;0.87;1.5;4.6;8.4;10.05;10.37;11.3;16.15;MEASURER1;0.533333333
19;2016;2016_N034;2016_N034;T4;2016_E0370;0;1.26;7;8;ID00570;F;0.95;1.6;4.5;7.8;9.36;9.78;10.8;16.32;MEASURER1;0.943333333
20;2016;2016_N034;2016_N034;CORT;2016_E0371;0;1.21;7;8;ID00568;M;0.88;1.6;4.5;8.1;9.84;10.15;11.3;16.9;MEASURER1;0.936666667
21;2016;2016_N035;2016_N034;C;2016_E0366;0;1.14;7;3;ID00567;M;0.81;2;5.4;9;10.61;10.73;11.2;17.12;MEASURER1;0.846666667
22;2016;2016_N037;2016_N037;C;2016_E0415;0;1.21;6;3;ID00579;M;0.89;2.4;5.4;8.43;10.99;10.8;10.8;17.29;MEASURER1;0.42
23;2016;2016_N038;2016_N037;T4;2016_E0416;0;1.17;6;8;ID00584;M;0.74;1.3;4.3;6.99;9.37;9.58;10.8;15.43;MEASURER1;0.75
24;2016;2016_N038;2016_N037;CORT;2016_E0417;0;1.16;6;8;ID00582;M;0.85;2.1;5.4;6.433;10.68;10.74;11;16.18;MEASURER1;0.637291667
25;2016;2016_N038;2016_N037;C;2016_E0418;0;1.17;6;8;ID00580;M;0.85;1.9;5.1;8.27;10.9;10.44;11.5;16.45;MEASURER1;0.493333333
26;2016;2016_N028;2016_N037;T4;2016_E0419;0;1.2;6;4;ID00583;M;0.73;1.3;4.1;6.82;9.77;10.27;11.5;15.88;MEASURER1;0.696666667
27;2016;2016_N028;2016_N037;C;2016_E0420;0;1.08;6;4;ID00581;M;0.72;1.1;3.4;6.13;10.34;9.52;10.8;15.91;MEASURER1;0.526666667
28;2016;2016_N020;2016_N021;CORT;2016_E0482;0;1.06;3;6;ID00586;F;0.75;2.5;5.6;8.9;10.53;11.2;11;16.84;MEASURER1;0.566666667
29;2016;2016_N021;2016_N021;C;2016_E0480;0;1.25;3;5;ID00585;M;0.93;2.9;6.4;9.7;11.36;11.34;12;16.21;MEASURER1;0.56
30;2016;2016_N004;2016_N006;CORT;2016_E0524;0;1.38;5;6;ID00593;M;1;1.5;3.8;;9.43;10;10.6;16.49;MEASURER1;0.776666667
31;2016;2016_N005;2016_N006;T4;2016_E0529;0;1.26;5;4;ID00596;M;0.7;1.1;3;8.1;8.445;8.79;10.1;15.55;MEASURER1;0.976666667
32;2016;2016_N005;2016_N006;C;2016_E0531;0;1.23;5;4;ID00592;F;0.81;1.5;3.6;7.1;8.7;8.79;10.3;16.96;MEASURER1;0.8
33;2016;2016_N006;2016_N006;CORT;2016_E0527;0;1.42;5;8;ID00595;F;1.04;1.7;3.9;6.6;9.44;10.98;10.7;17.02;MEASURER1;0.903333333
34;2016;2016_N006;2016_N006;C;2016_E0528;0;1.41;5;8;ID00594;F;0.94;1.3;3;6.3;7.9;9.05;9.6;15.73;MEASURER1;0.786666667
35;2016;2016_N007;2016_N009;C;2016_E0570;0;1.24;3;3;ID00605;F;0.67;1.7;4.6;8;9.71;10.22;10.8;16.08;MEASURER1;0.7
36;2016;2016_N009;2016_N009;T4;2016_E0571;0;1.17;3;4;ID00603;M;0.82;1.9;3.4;5.5;6.53;6.76;6.8;14.1;MEASURER1;0.353333333
37;2016;2016_N009;2016_N009;CORT;2016_E0572;0;1.14;3;4;ID00604;F;0.8;1.6;4.2;7.8;9.73;9.86;10.5;15.79;MEASURER1;0.423333333
38;2016;2016_N033;2016_N035;T4;2016_E0678;0;1.16;8;8;ID00609;F;0.84;2;4.64;8.29;9.69;10.14;10.9;16.81;MEASURER1;1.056666667
39;2016;2016_N033;2016_N035;C;2016_E0680;0;1.15;8;8;ID00607;F;0.67;1.6;3.97;8.04;9.98;10.63;11.6;16.29;MEASURER1;0.616666667
40;2016;2016_N034;2016_N035;T4;2016_E0681;0;1.19;8;8;ID00611;M;0.95;2.1;4.84;8.42;10.03;10.69;11.2;17;MEASURER1;0.706666667
41;2016;2016_N034;2016_N035;CORT;2016_E0682;0;1.26;8;8;ID00608;F;0.95;1.8;4.26;7.64;8.93;9.67;10.2;16;MEASURER1;0.716666667
42;2016;2016_N034;2016_N035;C;2016_E0683;0;1.24;8;8;ID00610;M;0.89;2.1;5.26;8.86;10.54;10.97;11.7;17.38;MEASURER1;1
43;2016;2016_N035;2016_N035;T4;2016_E0674;0;1.18;8;3;ID00606;M;0.77;1.5;3.78;7.4;9.47;10.19;11.6;16.45;MEASURER1;0.466666667
44;2016;2016_N026;2016_N026;T4;2016_E0699;0;1.15;5;6;ID00614;F;0.77;1.7;4.9;7.8;10.76;11.52;10.6;16.19;MEASURER1;0.71
45;2016;2016_N026;2016_N026;T4;2016_E0700;0;1.18;5;6;ID00615;M;0.8;1.2;4;7.7;10.46;11.15;11.3;16.61;MEASURER1;0.996666667
46;2016;2016_N026;2016_N026;T4;2016_E0701;0;1.14;5;6;ID00613;F;0.86;1.8;4.8;8.5;10.35;11.25;10.7;16.22;MEASURER1;0.696666667
47;2016;2016_N015;2016_N017;CORT;2016_E0710;0;1.15;12;8;ID00623;M;0.85;3.27;6.1;9.9;11.62;11.77;11.8;16.9;MEASURER1;0.963333333
48;2016;2016_N015;2016_N017;T4;2016_E0711;0;1.14;12;8;ID00619;F;0.77;2.89;5.5;9;10.6;10.55;11.3;16.72;MEASURER1;0.84
49;2016;2016_N015;2016_N017;CORT;2016_E0712;0;1.14;12;8;ID00622;M;0.8;3.27;5.4;9.3;10.73;11.43;10.8;16.98;MEASURER1;0.926666667
50;2016;2016_N015;2016_N017;C;2016_E0713;0;1.15;12;8;ID00618;F;0.84;2.31;4.9;8.6;10.84;11.2;11.7;17.55;MEASURER1;0.71
51;2016;2016_N017;2016_N017;T4;2016_E0718;0;1.14;12;6;ID00625;M;0.91;2.05;4.7;8.4;10.42;11.92;11.6;17.42;MEASURER1;1.26
52;2016;2016_N017;2016_N017;CORT;2016_E0719;0;1.16;12;6;ID00621;F;0.76;2.39;5.1;8.6;9.64;11.64;11.7;16.54;MEASURER1;0.89
53;2016;2016_N017;2016_N017;C;2016_E0720;0;1.23;12;6;ID00624;M;0.88;1.73;3.7;7.5;10.81;11.16;11.8;17.71;MEASURER1;0.976666667
54;2016;2016_N016;2016_N017;T4;2016_E0714;0;1.14;12;5;ID00617;M;0.82;2.29;4.8;8.9;11.18;11.79;12.2;16.71;MEASURER1;0.6
55;2016;2016_N016;2016_N017;CORT;2016_E0715;0;1.15;12;5;ID00620;M;0.83;2.32;4.6;8.6;10.6;12.16;11.6;17.34;MEASURER1;0.906666667
56;2016;2016_N032;2016_N032;CORT;2016_E1069;0;1.1;7;5;ID00666;F;0.81;2;5;8.1;10.06;10.21;10.8;16.3;MEASURER1;0.64
57;2016;2016_N032;2016_N032;CORT;2016_E1070;0;1.14;7;5;ID00664;F;0.84;1.5;4.2;7.9;9.5;10.17;10.7;16.19;MEASURER1;0.44
58;2016;2016_N032;2016_N032;C;2016_E1071;0;1.08;7;5;ID00665;M;0.78;1.5;4.3;7.8;9.84;10.2;11.1;16.49;MEASURER1;0.623333333
59;2016;2016_N049;2016_N032;T4;2016_E1072;0;1.09;7;4;ID00668;F;0.83;2.8;6.7;9.7;10.92;11.08;11.3;16.88;MEASURER1;0.83
60;2016;2016_N050;2016_N032;T4;2016_E1075;0;1.19;7;4;ID00667;M;0.84;1.1;3.6;6.6;8.82;9.39;10.3;16.51;MEASURER1;0.566666667
61;2016;2016_N053;2016_N053;T4;2016_E1078;0;1.02;8;5;ID00671;M;0.82;1.93;5;8.4;11.11;10.8;10.8;17.32;MEASURER1;0.95
62;2016;2016_N051;2016_N053;T4;2016_E1082;0;1.29;8;7;ID00669;F;0.97;2.35;5.9;8.7;10.64;11.3;11.3;17.43;MEASURER1;0.736666667
63;2016;2016_N051;2016_N053;CORT;2016_E1083;0;1.41;8;7;ID00673;M;1.02;2.41;6.3;9.5;11.53;12.2;12.2;18.31;MEASURER1;1.073333333
64;2016;2016_N051;2016_N053;C;2016_E1084;0;1.38;8;7;ID00672;F;1.05;1.56;4.5;7.3;10.52;11;11;17.21;MEASURER1;1.003333333
65;2016;2016_N052;2016_N053;T4;2016_E1085;0;1.24;8;2;ID00670;M;0.89;2.01;5.4;8.6;11.37;12.3;12.3;17.86;MEASURER1;0.78
66;2016;2016_N023;2016_N012;T4;2016_E1095;0;1.16;6;4;ID00676;UNK;0.83;1.7;4.8;8;11.03;11.43;11.3;17.25;MEASURER1;0.88
67;2016;2016_N023;2016_N012;C;2016_E1097;0;1.3;6;4;ID00675;UNK;0.94;2.3;5.6;9.3;11.98;12.87;12.2;16.47;MEASURER1;0.84
68;2016;2016_N012;2016_N012;CORT;2016_E1100;0;1.12;6;3;ID00674;F;0.9;1.6;4;7.7;10.84;11.41;10.9;16.25;MEASURER1;0.653333333
69;2016;2016_N032;2016_N049;CORT;2016_E1118;0;1.16;5;5;ID00679;M;0.8;1.65;4.1;8.2;10.3;11.2;12;16.76;MEASURER1;0.92
70;2016;2016_N049;2016_N049;C;2016_E1121;0;1.21;5;4;ID00680;M;;2.6;5.57;8.9;10.36;11;11.5;16.81;MEASURER1;1.04
71;2016;2016_N050;2016_N049;CORT;2016_E1123;0;1.24;5;4;ID00678;F;0.89;1.09;3.23;7;9.3;9.98;10.8;16.52;MEASURER1;0.823333333
72;2016;2016_N053;2016_N051;CORT;2016_E1151;0;0.9;9;5;ID00684;F;0.78;1.34;3.6;6.3;8.41;9.53;10.1;15.48;MEASURER1;0.72
73;2016;2016_N053;2016_N051;C;2016_E1152;0;1.01;9;5;ID00685;M;0.71;1.88;4.2;7;9.63;10.11;10.2;16.66;MEASURER1;0.816666667
74;2016;2016_N051;2016_N051;T4;2016_E1153;0;1.43;9;7;ID00683;M;0.94;2.37;5.7;8.2;10.95;11.45;11.9;17.45;MEASURER1;0.77
75;2016;2016_N051;2016_N051;CORT;2016_E1154;0;1.27;9;7;ID00682;F;0.85;2.22;5.3;8;10.23;10.93;11;17.35;MEASURER1;0.713333333
76;2016;2016_N052;2016_N051;CORT;2016_E1157;0;1.24;9;2;ID00681;F;0.82;2.41;5.5;8.2;11.03;11.23;10.9;16.89;MEASURER1;0.376666667
77;2016;2016_N018;2016_N054;T4;2016_E1214;0;1.19;6;8;ID00694;F;0.85;2.29;4.75;7.9;9.34;9.46;9.9;16.5;MEASURER1;0.656666667
78;2016;2016_N018;2016_N054;C;2016_E1216;0;1.21;6;8;ID00695;M;0.82;2.3;5.09;8.5;10.49;10.47;11.1;16.94;MEASURER1;0.8
79;2016;2016_N019;2016_N054;T4;2016_E1211;0;1.26;6;9;ID00697;M;0.86;2.4;5.46;9.7;10.8;11.13;11.6;17.32;MEASURER1;1.1
80;2016;2016_N019;2016_N054;CORT;2016_E1212;Y;1.31;6;9;ID00696;M;0.94;2.5;5.8;9.7;11.4;11.87;12.2;17.56;MEASURER1;0.816666667
81;2016;2016_N019;2016_N054;C;2016_E1213;0;1.26;6;9;ID00693;M;0.85;1.71;4.16;7.7;9.62;10.32;11.5;16.93;MEASURER1;0.6
82;2016;2016_N055;2016_N025;T4;2016_E1229;0;1.2;5;3;ID00699;F;0.86;2.2;4.92;8.6;10.47;10.95;10.9;15.87;MEASURER1;0.546666667
83;2016;2016_N055;2016_N025;C;2016_E1231;0;1.24;5;3;ID00698;F;0.93;2;5.09;8.3;10.43;10.97;10.9;16.82;MEASURER1;0.45
84;2016;2016_N025;2016_N025;CORT;2016_E1233;0;1.2;5;3;ID00700;F;0.81;1.2;3.45;7.1;10.32;11;11.8;16.66;MEASURER1;0.59
85;2016;2016_N056;2016_N025;CORT;2016_E1236;0;1.15;5;3;ID00701;F;0.8;1.6;4.31;8;10.63;11.14;11.4;16.18;MEASURER1;0.736666667
86;2016;2016_N056;2016_N025;CORT;2016_E1237;0;1.09;5;3;ID00702;M;0.81;2;4.97;8.5;10.69;11.3;11.6;17.04;MEASURER1;1.19
87;2016;2016_N055;2016_N056;CORT;2016_E1321;0;1.17;5;3;ID00709;F;0.85;2.8;5.81;8.4;10.48;;10.7;16.05;MEASURER1;0.74
88;2016;2016_N025;2016_N056;T4;2016_E1323;0;1.17;5;3;ID00708;F;0.76;1.8;4.59;8.5;10.74;11.66;11.8;16.09;MEASURER1;0.646666667
89;2016;2016_N025;2016_N056;CORT;2016_E1324;0;1.23;5;3;ID00710;M;0.87;1.8;4.57;8.6;11.13;11.82;11.8;17.21;MEASURER1;1.043333333
90;2016;2016_N023;2016_N029;C;2016_E1345;Y;1.35;9;6;ID00711;F;0.88;1.53;3.4;6.9;7.86;;9;16.18;MEASURER1;
91;2016;2016_N031;2016_N029;T4;2016_E1337;0;1.11;9;2;ID00713;M;0.6;2.02;4.5;8.1;9.97;;10.1;16.81;MEASURER1;
92;2016;2016_N031;2016_N029;CORT;2016_E1338;0;1.2;9;2;ID00712;UNK;0.89;1.61;3.8;7.3;9.24;;9.9;17.26;MEASURER1;
93;2016;2016_N030;2016_N029;T4;2016_E1343;0;1.28;9;6;ID00714;M;0.94;2.06;4.4;8;9.95;;10.1;16.65;MEASURER1;
94;2016;2016_N030;2016_N029;CORT;2016_E1344;0;1.43;9;6;ID00715;F;0.9;2.51;4.8;8.5;9.46;;9.6;16.5;MEASURER1;
95;2016;2016_N029;2016_N029;T4;2016_E1340;0;1.18;9;3;ID00716;F;0.85;2.06;4.3;7.9;8.85;;9.9;16.9;MEASURER1;
96;2016;2016_N029;2016_N029;CORT;2016_E1342;0;1.16;9;3;ID00717;M;0.83;1.99;4.4;7.5;9.24;;9.6;17.36;MEASURER1;
97;2016;2016_N010;2016_N011;T4;2016_E1360;0;1.3;8;2;ID00718;F;0.78;1.3;3.5;6.3;8.72;;9.8;16.49;MEASURER1;0.6
98;2016;2016_N011;2016_N011;T4;2016_E1356;0;1.1;8;8;ID00721;UNK;0.77;1.7;4.7;7.8;10.5;;10.9;16.61;MEASURER1;1.113333333
99;2016;2016_N011;2016_N011;T4;2016_E1357;0;1.17;8;8;ID00720;UNK;0.84;1.9;4.7;7.9;10.72;;11.1;16.61;MEASURER1;0.85
100;2016;2016_N011;2016_N011;CORT;2016_E1358;0;1.25;8;8;ID00722;M;0.77;1.5;3;6.2;9.38;;10.9;15.9;MEASURER1;0.936666667
101;2016;2016_N011;2016_N011;C;2016_E1359;0;1.15;8;8;ID00719;M;0.83;1.9;5;8.5;10.86;;11.6;17.11;MEASURER1;0.806666667
102;2016;2016_N037;2016_N028;C;2016_E1399;0;1.2;4;3;ID00729;F;0.88;1.63;4.5;8.2;10.17;10.73;10.3;17.19;MEASURER1;0.433333333
103;2016;2016_N041;2016_N028;T4;2016_E1401;0;1.29;4;5;ID00732;M;0.73;1.25;3.6;7.3;9.49;10.49;10.7;17.28;MEASURER1;0.796666667
104;2016;2016_N038;2016_N028;T4;2016_E1400;0;1.17;4;8;ID00731;M;0.89;2.05;5;8.9;10.96;11.16;10.7;16.98;MEASURER1;0.656666667
105;2016;2016_N038;2016_N028;C;2016_E1404;0;1.13;4;8;ID00730;F;0.82;2.02;5.1;8.7;10.71;11.22;10.9;16.28;MEASURER1;0.666666667
106;2016;2016_N048;2016_N047;C;2016_E1408;0;1.17;6;3;ID00733;F;0.85;1.9;5.6;8.7;11.31;11.79;11.3;17.18;MEASURER1;0.51
107;2016;2016_N048;2016_N047;T4;2016_E1409;0;1.09;6;3;ID00734;F;0.77;1.8;5.5;8.3;10.96;11.79;11.7;16.6;MEASURER1;0.703333333
108;2016;2016_N046;2016_N047;T4;2016_E1414;0;1.17;6;4;ID00735;F;0.8;2.3;6;9.3;11.24;11.53;11.3;16.58;MEASURER1;0.876666667
109;2016;2016_N027;2016_N024;T4;2016_E1442;0;1.23;8;2;ID00737;F;0.8;1.7;5.3;8.2;9.61;10.48;11.3;16.95;MEASURER1;0.86
110;2016;2016_N027;2016_N024;CORT;2016_E1443;0;1.21;8;2;ID00740;F;0.84;1.8;4.6;7.8;9.88;10.86;10.8;17.04;MEASURER1;1.103333333
111;2016;2016_N026;2016_N024;T4;2016_E1446;0;1.14;8;6;ID00736;M;0.74;2.4;6.4;9.2;10.705;12.21;11.8;16.43;MEASURER1;0.696666667
112;2016;2016_N024;2016_N024;T4;2016_E1439;0;1.19;8;5;ID00738;M;0.84;2.1;5.4;8.4;10.24;11.1;10.8;17.9;MEASURER1;1.073333333
113;2016;2016_N024;2016_N024;C;2016_E1441;0;1.17;8;5;ID00739;M;0.79;2;5.4;8.1;9.84;10.5;10.5;17.19;MEASURER1;1.063333333
114;2016;2016_N001;2016_N001;T4;2016_E0040;0;1.24;8;7;ID00491;F;0.89;2.2;5.3;9.1;10.64;10.54;10.1;16.85;MEASURER1;0.513333333
115;2016;2016_N001;2016_N001;CORT;2016_E0041;0;1.15;8;7;ID00489;UNK;0.82;;;8.8;10.8;11;10.2;16.31;MEASURER2;0.74
116;2016;2016_N003;2016_N001;T4;2016_E0043;0;1.22;8;8;ID00493;F;0.84;2.2;5.4;9.3;9.75;10.96;10.2;17.41;MEASURER2;0.986666667
117;2016;2016_N003;2016_N001;CORT;2016_E0044;0;1.22;8;8;ID00492;F;0.9;2.1;5;8.4;9.56;10.5;9.7;16.6;MEASURER2;0.926666667
118;2016;2016_N003;2016_N001;C;2016_E0045;0;1.24;8;8;ID00494;F;0.89;1.7;4.7;8.7;10.66;11.27;10.7;16.63;MEASURER2;0.963333333
119;2016;2016_N002;2016_N001;T4;2016_E0046;0;1.26;8;5;ID00490;M;0.94;1.7;5;8.6;10;11.44;10.9;17.54;MEASURER2;0.66
120;2016;2016_N002;2016_N001;C;2016_E0049;0;1.35;8;5;ID00495;F;0.96;1.5;;7.7;9.58;11.6;10.6;17.01;MEASURER2;1.056666667
121;2016;2016_N007;2016_N007;T4;2016_E0086;0;1.09;8;3;ID00504;M;0.73;1.61;3.9;7.5;9.32;10.82;10.7;16.57;MEASURER2;0.63
122;2016;2016_N007;2016_N007;C;2016_E0090;0;1.04;8;3;ID00509;F;0.82;1.97;4.5;8;10.17;11.17;10.6;16.13;MEASURER2;0.873333333
123;2016;2016_N008;2016_N007;T4;2016_E0094;0;1.03;8;3;ID00505;F;0.7;1.51;3.7;6.9;9.1;10.41;10.7;16.4;MEASURER2;0.636666667
124;2016;2016_N008;2016_N007;CORT;2016_E0095;0;1.04;8;3;ID00508;M;0.72;1.7;3.5;7;9.2;10.78;10.9;16.84;MEASURER2;0.866666667
125;2016;2016_N008;2016_N007;C;2016_E0096;0;1.02;8;3;ID00506;F;;1.32;3.1;5.8;8.04;8.99;9.3;15.67;MEASURER2;0.726666667
126;2016;2016_N009;2016_N007;CORT;2016_E0092;0;1.12;8;4;ID00507;M;0.79;1.98;4.1;7.7;10.66;11.38;11.2;17.54;MEASURER2;0.77
127;2016;2016_N001;2016_N003;T4;2016_E0134;0;1.19;8;7;ID00514;F;0.85;1.83;4.3;7.4;9.88;10.76;10.5;16.67;MEASURER2;0.61
128;2016;2016_N001;2016_N003;CORT;2016_E0135;0;1.26;8;7;ID00521;M;0.9;2.07;4.5;7.3;10;11.01;11.3;17.05;MEASURER2;1.016666667
129;2016;2016_N001;2016_N003;C;2016_E0136;0;1.27;8;7;ID00515;F;0.9;1.32;3.3;6.2;9;9.83;10.1;16.34;MEASURER2;0.633333333
130;2016;2016_N003;2016_N003;T4;2016_E0137;0;1.15;8;8;ID00516;M;0.73;0.95;3.4;5;7.82;9.14;9.9;16.11;MEASURER2;0.546666667
131;2016;2016_N003;2016_N003;T4;2016_E0138;0;1.2;8;8;ID00520;M;0.83;2.02;4.1;7.8;10.22;10.91;10.8;16.45;MEASURER2;0.943333333
132;2016;2016_N003;2016_N003;CORT;2016_E0139;0;1.16;8;8;ID00518;M;0.83;1.94;3.9;6.9;9.6;9.42;10.4;16.75;MEASURER2;0.843333333
133;2016;2016_N002;2016_N003;CORT;2016_E0141;0;1.31;8;5;ID00517;F;0.96;1.95;3.8;6.6;9.18;9.95;10.2;16.6;MEASURER2;0.643333333
134;2016;2016_N002;2016_N003;C;2016_E0142;0;1.29;8;5;ID00519;M;0.96;2.03;4.4;7.2;10.03;10.97;10.6;16.76;MEASURER2;0.886666667
135;2016;2016_N013;2016_N013;T4;2016_E0149;0;1.12;3;5;ID00523;F;0.77;2.3;4.99;8;10.35;10.8;11.6;15.63;MEASURER2;0.843333333
136;2016;2016_N013;2016_N013;C;2016_E0151;0;1.11;3;5;ID00522;F;0.81;2.2;4.95;8;10.03;10.35;11;15.84;MEASURER2;0.723333333
137;2016;2016_N014;2016_N013;C;2016_E0148;0;1.27;3;4;ID00524;M;0.93;2.1;5.12;8.9;11.24;11.76;12.5;16.49;MEASURER2;1.036666667
138;2016;2016_N015;2016_N015;T4;2016_E0152;0;1.16;6;8;ID00530;M;0.77;1.73;4.2;7.2;9.09;9.37;11.5;17.14;MEASURER2;1.2
139;2016;2016_N015;2016_N015;T4;2016_E0153;0;1.12;6;8;ID00525;F;0.74;2.27;5.2;8.1;9.54;9.73;10.4;16.09;MEASURER2;0.683333333
140;2016;2016_N015;2016_N015;T4;2016_E0154;0;1.12;6;8;ID00529;M;0.79;2.16;5.3;9;10.7;10.62;9.8;16.7;MEASURER2;0.88
141;2016;2016_N015;2016_N015;CORT;2016_E0155;0;1.14;6;8;ID00527;F;0.84;2.03;5;8.3;9.3;10.14;11.5;16.94;MEASURER2;0.766666667
142;2016;2016_N017;2016_N015;CORT;2016_E0160;0;1.18;6;6;ID00528;F;0.85;1.8;4;7.7;10;10.54;10.6;17.15;MEASURER2;0.796666667
143;2016;2016_N016;2016_N015;T4;2016_E0156;0;1.27;6;5;ID00526;M;0.81;1.02;3.6;7.1;9.43;9.7;11.7;17.43;MEASURER2;0.56
144;2016;2016_N020;2016_N020;T4;2016_E0241;0;1.09;6;6;ID00537;M;0.7;1.71;3.6;7.5;9.46;10.05;10.8;17.26;MEASURER2;0.45
145;2016;2016_N020;2016_N020;CORT;2016_E0242;0;1.07;6;6;ID00539;M;0.77;2.25;4.8;9;10.76;11.16;11.5;17.68;MEASURER2;0.436666667
146;2016;2016_N020;2016_N020;C;2016_E0243;0;1.07;6;6;ID00538;M;0.69;1.35;2.5;4.6;6.78;7.89;9.2;16.3;MEASURER2;0.493333333
147;2016;2016_N021;2016_N020;T4;2016_E0237;0;1.2;6;5;ID00541;F;0.89;1.85;3.8;8.1;10.23;11.06;11.3;16.23;MEASURER2;0.906666667
148;2016;2016_N021;2016_N020;C;2016_E0240;0;1.16;6;5;ID00540;F;0.84;2.11;4.4;8.6;10.14;10.64;10.7;16.1;MEASURER2;0.68
149;2016;2016_N013;2016_N014;T4;2016_E0251;0;1.19;8;5;ID00547;F;0.82;2.1;5.75;8.4;9.72;9.63;9.4;16.83;MEASURER2;0.816666667
150;2016;2016_N013;2016_N014;CORT;2016_E0252;0;1.16;8;5;ID00545;M;0.86;2.2;5.56;8.5;10.6;10.84;10.7;17.7;MEASURER2;0.81
151;2016;2016_N013;2016_N014;C;2016_E0253;0;1.2;8;5;ID00548;M;;1.4;4.18;7.1;8.77;9.29;10.2;15.4;MEASURER2;0.98
152;2016;2016_N014;2016_N014;T4;2016_E0247;0;1.28;8;4;ID00549;M;0.91;1.8;5.11;8.8;10.5;10.69;10.7;16.3;MEASURER2;1.146666667
153;2016;2016_N014;2016_N014;T4;2016_E0248;0;1.24;8;4;ID00546;M;0.93;2.3;5.58;8.4;10.3;10.4;10.4;16.47;MEASURER2;0.75
154;2016;2016_N014;2016_N014;CORT;2016_E0249;0;1.25;8;4;ID00543;F;0.91;2.2;5.36;8.3;9.91;;10.3;16.1;MEASURER2;0.466666667
155;2016;2016_N022;2016_N014;T4;2016_E0244;0;1.21;8;1;ID00544;F;0.79;1.7;4.92;7.7;10.11;9.65;9.6;16.03;MEASURER2;0.646666667
156;2016;2016_N023;2016_N023;C;2016_E0283;0;1.27;4;4;ID00550;F;0.94;2;5.3;8.6;;;11.4;17.16;MEASURER2;
157;2016;2016_N012;2016_N023;CORT;2016_E0285;0;1.14;4;3;ID00551;M;0.65;1.5;4.7;7.9;;;11.7;16.98;MEASURER2;
158;2016;2016_N025;2016_N027;T4;2016_E0303;Y;1.18;8;6;ID00555;F;0.7;2.62;5.7;9.6;11.79;12.04;11.6;17.17;MEASURER2;1.04047619
159;2016;2016_N024;2016_N027;T4;2016_E0298;0;1.24;8;5;ID00552;M;0.86;2.17;5.4;8.8;10.67;10.69;10.7;17.6;MEASURER2;0.473333333
160;2016;2016_N024;2016_N027;CORT;2016_E0299;0;1.28;8;5;ID00554;F;0.95;2.67;5.5;9.2;10.29;10.89;10.4;17.12;MEASURER2;0.76
161;2016;2016_N024;2016_N027;C;2016_E0300;0;1.19;8;5;ID00553;M;0.7;1.96;4.7;8.4;9.27;10.72;10.5;17.52;MEASURER2;0.696666667
162;2016;2016_N030;2016_N031;CORT;2016_E0314;0;1.45;7;6;ID00558;M;0.97;2.46;5.4;9;11.05;11.66;11.3;16.71;MEASURER2;0.806666667
163;2016;2016_N029;2016_N031;T4;2016_E0311;0;1.21;7;3;ID00557;M;0.91;2.19;4.9;8.7;10.2;10.74;10.5;16.67;MEASURER2;0.533333333
164;2016;2016_N007;2016_N030;C;2016_E0384;Y;1.36;9;6;ID00572;F;1.01;1.5;4.1;7.2;9.24;9.28;10;16.09;MEASURER2;0.72
165;2016;2016_N030;2016_N030;CORT;2016_E0381;0;1.36;9;6;ID00573;F;1;1.8;4.9;7.8;9.9;9.92;10.2;16.74;MEASURER2;0.7
166;2016;2016_N030;2016_N030;T4;2016_E0382;0;1.29;9;6;ID00574;UNK;;1.7;4.6;8.4;10.49;10.13;10.8;16.57;MEASURER2;0.776666667
167;2016;2016_N036;2016_N036;T4;2016_E0410;0;1.29;6;1;ID00576;F;0.91;3.8;7.4;10.2;;;11.5;16.84;MEASURER2;
168;2016;2016_N036;2016_N036;T4;2016_E0412;0;1.34;6;1;ID00575;F;0.94;1.5;4.2;7.4;;;10.1;15.5;MEASURER2;
169;2016;2016_N011;2016_N036;T4;2016_E0403;0;1.17;6;8;ID00578;M;0.8;1.7;4.8;8;;;12.1;17.45;MEASURER2;
170;2016;2016_N011;2016_N036;C;2016_E0405;0;1.25;6;8;ID00577;F;0.84;1.7;4.8;8.1;;;11.2;16.43;MEASURER2;
171;2016;2016_N004;2016_N005;CORT;2016_E0495;0;1.32;5;6;ID00587;M;0.97;1.8;5.6;8.7;11.12;10.73;11.3;16.91;MEASURER2;0.836666667
172;2016;2016_N005;2016_N005;CORT;2016_E0502;0;1.12;5;4;ID00591;M;0.72;1.3;4.3;7.4;9.83;9.93;10.6;16.71;MEASURER2;
173;2016;2016_N006;2016_N005;CORT;2016_E0497;0;1.31;5;8;ID00589;M;1.06;1.5;4.6;7.7;10.42;10.57;11.2;17.42;MEASURER2;0.876666667
174;2016;2016_N006;2016_N005;T4;2016_E0498;0;1.38;5;8;ID00590;M;1.01;2.5;6.4;9.5;11.17;10.84;11;17.03;MEASURER2;0.96
175;2016;2016_N006;2016_N005;C;2016_E0499;0;1.22;5;8;ID00588;F;0.9;2.2;5.9;8.8;11.27;10.75;11.2;16.31;MEASURER2;0.803333333
176;2016;2016_N001;2016_N002;CORT;2016_E0533;0;1.17;6;7;ID00597;M;0.84;2.5;5.6;9.8;;;11.9;16.86;MEASURER2;
177;2016;2016_N001;2016_N002;C;2016_E0534;0;1.21;6;7;ID00598;M;0.87;2.7;5.7;10.1;;;12.3;17.53;MEASURER2;
178;2016;2016_N003;2016_N002;CORT;2016_E0535;0;1.22;6;8;ID00599;F;0.85;2.2;5;8.7;;;10.9;16.67;MEASURER2;
179;2016;2016_N003;2016_N002;CORT;2016_E0537;0;1.18;6;8;ID00600;M;0.82;2.3;5.1;10.1;;;11.7;17.6;MEASURER2;
180;2016;2016_N002;2016_N002;CORT;2016_E0538;0;1.35;6;5;ID00602;F;1.01;1.2;3.5;7.7;;;11.7;17.18;MEASURER2;
181;2016;2016_N015;2016_N017;T4;2016_E0717;Y;1.16;12;6;ID00616;F;0.87;1.43;4;7;9.08;9.78;10.5;16.71;MEASURER2;0.803333333
182;2016;2016_N042;2016_N041;CORT;2016_E0829;0;1.31;7;2;ID00635;M;0.88;1.6;3.94;6.8;8.58;8.97;11;15.69;MEASURER2;0.423333333
183;2016;2016_N042;2016_N041;C;2016_E0830;0;1.29;7;2;ID00638;M;0.94;2.7;6.52;9.2;10.61;10.98;12.4;15.85;MEASURER2;0.776666667
184;2016;2016_N040;2016_N041;C;2016_E0836;0;1.08;7;3;ID00637;F;0.79;2.1;5.55;8.1;9.69;9.96;10.9;15.4;MEASURER2;0.623333333
185;2016;2016_N041;2016_N041;T4;2016_E0831;0;1.02;7;5;ID00634;UNK;0.77;2.8;4.83;6.8;8.16;8.14;9.9;14.61;MEASURER2;0.46
186;2016;2016_N041;2016_N041;CORT;2016_E0832;0;0.96;7;5;ID00636;F;0.74;1.9;4.76;7.4;8.3;9.22;10.4;14.6;MEASURER2;0.593333333
187;2016;2016_N043;2016_N039;T4;2016_E0851;0;1.11;8;3;ID00642;F;0.69;2.2;5.16;8.4;10.12;10.44;11.3;15.34;MEASURER2;0.496666667
188;2016;2016_N043;2016_N039;CORT;2016_E0852;0;1.21;8;3;ID00647;F;0.9;1.7;4.35;7.5;9.66;9.78;11.1;16;MEASURER2;0.846666667
189;2016;2016_N043;2016_N039;C;2016_E0853;0;1.16;8;3;ID00645;F;0.83;2.4;3.78;8.8;10.81;10.32;12.1;15.8;MEASURER2;0.653333333
190;2016;2016_N044;2016_N039;T4;2016_E0845;0;1.03;8;2;ID00646;M;0.73;1.7;4.75;8;10.34;10.68;11.7;15.65;MEASURER2;0.703333333
191;2016;2016_N044;2016_N039;C;2016_E0847;0;1.11;8;2;ID00643;M;0.79;1.9;4.36;7.8;9.98;10.38;11.7;16.34;MEASURER2;0.563333333
192;2016;2016_N039;2016_N039;CORT;2016_E0849;0;1.07;8;5;ID00641;M;0.8;1.9;4.49;8.2;10.35;10.88;11.9;16.58;MEASURER2;0.513333333
193;2016;2016_N039;2016_N039;C;2016_E0850;0;1.06;8;5;ID00644;F;0.76;1.7;4.49;7.1;9.21;9.42;10.8;16.05;MEASURER2;0.55
194;2016;2016_N018;2016_N019;T4;2016_E0908;0;1.13;6;8;ID00652;M;0.82;1.73;4.75;8;10.68;10.98;11.6;16.5;MEASURER2;0.83
195;2016;2016_N018;2016_N019;CORT;2016_E0909;0;1.11;6;8;ID00649;F;0.79;1.7;4.18;7.1;9.24;9.25;9.9;15.56;MEASURER2;0.66
196;2016;2016_N018;2016_N019;C;2016_E0910;0;1.14;6;8;ID00650;M;0.78;1.69;3.92;7.4;9.99;9.99;11.1;16.03;MEASURER2;0.766666667
197;2016;2016_N019;2016_N019;T4;2016_E0905;0;1.26;6;9;ID00651;F;0.9;1.8;4.49;8.2;10.29;10.62;11.6;15.83;MEASURER2;0.876666667
198;2016;2016_N019;2016_N019;C;2016_E0907;0;1.35;6;9;ID00648;M;0.98;2.03;5.17;9;11.35;11.71;12.3;16.33;MEASURER2;0.41
199;2016;2016_N020;2016_N045;T4;2016_E0940;0;1.11;4;6;ID00654;M;0.77;2.1;4.99;8.9;10.39;10.27;11;16.12;MEASURER2;0.67
200;2016;2016_N020;2016_N045;C;2016_E0942;0;1.07;4;6;ID00653;F;0.77;2.23;5.34;8.7;10.52;10.45;11.3;15.8;MEASURER2;0.55
201;2016;2016_N021;2016_N045;CORT;2016_E0938;0;1.15;4;5;ID00656;M;0.71;1.98;4.89;8.8;10.83;11.23;11.9;15.74;MEASURER2;0.9
202;2016;2016_N045;2016_N045;T4;2016_E0934;0;1.12;4;1;ID00655;M;0.91;2.07;5.09;8.8;11;11.08;12;15.28;MEASURER2;0.74
203;2016;2016_N048;2016_N046;C;2016_E1015;0;1.19;9;3;ID00659;M;0.85;1.75;;8.4;11.1;11.37;12;17.06;MEASURER2;0.763333333
204;2016;2016_N046;2016_N046;T4;2016_E1021;0;1.16;9;4;ID00657;F;0.84;2.32;;9.2;11.55;11.62;11.8;16.98;MEASURER2;0.52
205;2016;2016_N046;2016_N046;CORT;2016_E1023;0;1.13;9;4;ID00660;F;0.87;2.2;;9.2;11.96;;11.8;16.92;MEASURER2;0.726666667
206;2016;2016_N046;2016_N046;C;2016_E1024;0;1.17;9;4;ID00661;M;0.84;1.97;;8.6;10.78;11.77;12.2;17.07;MEASURER2;0.906666667
207;2016;2016_N047;2016_N046;CORT;2016_E1019;0;1.18;9;2;ID00658;F;0.79;1.43;;7.5;9.9;9.54;10.7;17.19;MEASURER2;0.61
208;2016;2016_N049;2016_N050;C;2016_E1165;0;1.17;10;4;ID00688;M;0.77;1.95;5.19;8.6;10.93;11.42;11.4;17.35;MEASURER2;0.47
209;2016;2016_N050;2016_N050;T4;2016_E1166;0;1.27;10;4;ID00687;UNK;0.85;1.38;4.28;7.4;9.32;10.29;10.5;16.3;MEASURER2;0.433333333
210;2016;2016_N050;2016_N050;CORT;2016_E1167;0;1.23;10;4;ID00690;UNK;0.91;0.95;6.86;10.4;12.3;13.22;12.9;17.41;MEASURER2;0.73
211;2016;2016_N050;2016_N050;CORT;2016_E1169;0;1.23;10;4;ID00689;UNK;0.87;1.46;4.36;8.2;10.04;10.97;11.4;16.38;MEASURER2;0.633333333
212;2016;2016_N054;2016_N050;C;2016_E1161;Y;1.19;10;5;ID00691;UNK;0.86;1.52;3.92;7.8;10.27;11.71;12.3;16.89;MEASURER2;0.723333333
213;2016;2016_N023;2016_N052;CORT;2016_E1298;0;1.1;7;4;ID00704;M;0.82;1.42;4.7;7.8;10.01;10.13;10.5;16.95;MEASURER2;0.716666667
214;2016;2016_N053;2016_N052;T4;2016_E1299;0;0.99;7;5;ID00706;M;0.72;1.57;3.9;7.2;10.76;11.06;10.9;16.82;MEASURER2;0.863333333
215;2016;2016_N053;2016_N052;CORT;2016_E1300;0;1.08;7;5;ID00705;F;0.7;;4.6;7.3;9.85;10.41;10.5;16.77;MEASURER2;0.746666667
216;2016;2016_N051;2016_N052;T4;2016_E1302;0;1.24;7;7;ID00707;F;0.93;1.91;5.4;8.4;10.7;10.94;11.4;17.1;MEASURER2;0.913333333
217;2016;2016_N051;2016_N052;C;2016_E1304;0;1.43;7;7;ID00703;M;1.08;2.34;5.9;9.3;11.35;12.3;11.9;18.06;MEASURER2;0.706666667
218;2016;2016_N037;2016_N038;T4;2016_E1375;0;1.21;6;3;ID00724;M;0.83;2.15;6.5;10.1;12.14;12.17;12.1;17.02;MEASURER2;0.61
219;2016;2016_N038;2016_N038;T4;2016_E1378;0;1.17;6;8;ID00725;F;0.85;2.24;5.8;8.9;11.8;10.27;10.9;15.35;MEASURER2;0.493333333
220;2016;2016_N038;2016_N038;CORT;2016_E1379;0;1.15;6;8;ID00723;F;0.85;1.9;5.4;8.5;10.79;10.71;11.4;15.22;MEASURER2;0.513333333
221;2016;2016_N038;2016_N038;C;2016_E1381;0;1.17;6;8;ID00727;F;0.87;2.05;5.9;8.7;11.1;10.74;11.3;14.18;MEASURER2;0.833333333
222;2016;2016_N038;2016_N038;C;2016_E1380;Y;1.16;6;8;ID00726;F;0.86;1.34;4.4;7.1;10.02;9.91;10.6;14.45;MEASURER2;0.676666667
223;2016;2016_N028;2016_N038;CORT;2016_E1385;0;1.22;6;4;ID00728;F;0.78;1.43;4.4;7.6;10.45;10.7;11.7;15.81;MEASURER2;
224;2015;2015_N001;2015_N001;CORT;2015_E0065;0;1.05;4;5;ID00169;M;0.77;1.8;5;7.8;10.8;10.6;10.46;17.26;MEASURER3;0.62
225;2015;2015_N003;2015_N001;T4;2015_E0061;0;1.08;4;5;ID00171;M;0.75;1.8;5.4;8.1;10.3;10.4;10.32;16.6;MEASURER3;0.7
226;2015;2015_N002;2015_N001;C;2015_E0062;0;1.15;4;7;ID00170;F;0.77;2.1;5.8;9.22;11.9;12.3;11.81;17.8;MEASURER3;0.656666667
227;2015;2015_N006;2015_N006;C;2015_E0071;0;1.23;9;7;ID00180;F;0.91;1.7;4.9;7.2;9.7;10.7;10.89;15.8;MEASURER3;0.606666667
228;2015;2015_N006;2015_N006;CORT;2015_E0072;0;1.25;9;7;ID00177;F;0.9;1.9;5.4;7.5;10;10.1;10.44;16.48;MEASURER3;0.416666667
229;2015;2015_N006;2015_N006;T4;2015_E0073;0;1.27;9;7;ID00175;F;0.97;1.7;4.8;7;9.3;10;10.9;16.25;MEASURER3;0.343333333
230;2015;2015_N005;2015_N006;C;2015_E0074;0;1.12;9;9;ID00174;M;0.84;1.1;2.8;5.1;7.2;8;9.1;15.45;MEASURER3;0.33
231;2015;2015_N005;2015_N006;CORT;2015_E0075;0;1.22;9;9;ID00178;F;0.84;1.2;3.6;6.3;8.7;9.7;10.42;15.84;MEASURER3;0.43
232;2015;2015_N005;2015_N006;T4;2015_E0076;0;1.14;9;9;ID00179;M;0.85;1.3;3.6;6;8.4;9.7;10.49;15.63;MEASURER3;0.35
233;2015;2015_N004;2015_N006;C;2015_E0068;0;1.34;9;8;ID00176;M;1.02;2.1;5.3;8.1;10.1;11;11.26;15.99;MEASURER3;0.336666667
234;2015;2015_N004;2015_N006;CORT;2015_E0069;0;1.4;9;8;ID00172;F;1.05;1.8;4.8;7.3;9.8;10.5;10.76;15.85;MEASURER3;0.256666667
235;2015;2015_N004;2015_N006;T4;2015_E0070;0;1.44;9;8;ID00173;F;0.95;1.7;4.6;7.4;9.6;10.1;10.52;15.71;MEASURER3;0.31
236;2015;2015_N007;2015_N007;C;2015_E0077;0;1.11;6;6;ID00181;M;0.79;1.6;4.23;8.13;10.7;10.4;10.55;16.13;MEASURER3;0.353333333
237;2015;2015_N007;2015_N007;CORT;2015_E0078;0;1.27;6;6;ID00183;F;0.83;2.7;5.92;9.73;11.3;11.3;11.08;16.38;MEASURER3;0.343333333
238;2015;2015_N008;2015_N007;C;2015_E0080;0;1;6;6;ID00184;F;0.72;1.6;4.61;8.03;10.1;10.4;10.17;16.12;MEASURER3;0.393333333
239;2015;2015_N008;2015_N007;T4;2015_E0082;0;1.13;6;6;ID00182;M;0.81;2.2;5.66;9.7;11.6;11.7;11.3;17.1;MEASURER3;0.35
240;2015;2015_N009;2015_N007;C;2015_E0083;0;1.27;6;6;ID00185;F;0.94;2.1;5.41;8.77;10.7;10.4;10.32;15.5;MEASURER3;0.383333333
241;2015;2015_N009;2015_N007;CORT;2015_E0084;0;1.27;6;6;ID00186;F;0.9;2.2;5.69;9.66;10.5;10.9;10.78;16.17;MEASURER3;0.543333333
242;2015;2015_N007;2015_N008;CORT;2015_E0118;0;1.08;6;6;ID00195;M;0.78;2.09;4.59;8.5;10.4;10.9;10.35;16.41;MEASURER3;0.473333333
243;2015;2015_N008;2015_N008;T4;2015_E0122;0;1.07;6;6;ID00193;F;0.8;1.86;4.99;8.9;10.5;10.5;10.76;16.31;MEASURER3;0.38
244;2015;2015_N009;2015_N008;C;2015_E0123;0;1.27;6;6;ID00194;F;0.94;1.46;4.13;7.9;9.8;10.1;10.29;15.88;MEASURER3;0.456666667
245;2015;2015_N013;2015_N013;C;2015_E0167;0;1.21;6;8;ID00202;F;0.89;2.1;4.43;7.7;10.2;10.3;10.47;16.87;MEASURER3;0.55
246;2015;2015_N013;2015_N013;CORT;2015_E0168;0;1.1;6;8;ID00200;M;0.83;2.19;4.6;7.9;10.2;10.5;10.53;16.69;MEASURER3;0.476666667
247;2015;2015_N013;2015_N013;T4;2015_E0169;0;1.11;6;8;ID00199;UNK;0.75;2.21;4.7;8;11.2;11.3;11.47;17.26;MEASURER3;0.413333333
248;2015;2015_N015;2015_N013;C;2015_E0162;0;1.13;6;7;ID00204;M;0.7;0.91;2.6;5.6;8.1;8.9;10.4;16.08;MEASURER3;0.55
249;2015;2015_N015;2015_N013;CORT;2015_E0163;0;1.05;6;7;ID00203;F;0.8;1.15;2.8;5.8;8.9;9.6;9.98;16.2;MEASURER3;0.52
250;2015;2015_N014;2015_N013;T4;2015_E0166;0;1.37;6;5;ID00201;M;0.97;1.9;4.45;7.9;10.8;11.3;11.13;17.54;MEASURER3;0.503333333
251;2015;2015_N010;2015_N012;T4;2015_E0175;0;1.16;4;6;ID00205;M;0.84;1.73;4.7;8.1;11.1;11;11.13;16.3;MEASURER3;0.306666667
252;2015;2015_N012;2015_N012;CORT;2015_E0171;0;1.22;4;4;ID00206;F;0.78;2.73;5.8;9;11.3;11.3;11.4;17.29;MEASURER3;0.54
253;2015;2015_N011;2015_N012;T4;2015_E0178;0;1.15;4;6;ID00207;M;0.83;2.07;4.8;8;11.1;11.3;11.32;17.03;MEASURER3;0.6
254;2015;2015_N018;2015_N018;CORT;2015_E0201;0;1.26;10;9;ID00209;F;0.9;1.28;3.01;4.96;6.5;7.8;7.35;16.01;MEASURER3;0.496666667
255;2015;2015_N018;2015_N018;C;2015_E0204;0;1.18;10;9;ID00214;F;0.74;2.24;4.8;8.18;9.7;10.7;10.81;16.65;MEASURER3;0.736666667
256;2015;2015_N018;2015_N018;T4;2015_E0206;0;1.34;10;9;ID00212;F;0.9;2.15;4.68;7.99;10;10.5;10.36;17.18;MEASURER3;0.61
257;2015;2015_N019;2015_N018;C;2015_E0207;0;1.17;10;8;ID00210;F;0.8;1.67;3.96;6.69;9;9.6;9.68;15.65;MEASURER3;0.576666667
258;2015;2015_N019;2015_N018;CORT;2015_E0208;0;1.15;10;8;ID00211;M;0.83;3.31;3.31;9.25;10.7;11.3;10.84;16.71;MEASURER3;0.61
259;2015;2015_N019;2015_N018;T4;2015_E0209;0;1.15;10;8;ID00213;M;0.89;2.91;5.7;9.78;11.2;11.3;11.37;16.87;MEASURER3;0.596666667
260;2015;2015_N017;2015_N018;CORT;2015_E0199;0;1.09;10;6;ID00208;M;0.78;1.43;3.54;6.59;8.1;9.2;9.63;16.65;MEASURER3;0.53
261;2015;2015_N022;2015_N022;T4;2015_E0221;0;1.07;8;7;ID00219;M;0.78;1.5;3.2;7.8;9.7;10.2;10.22;16.91;MEASURER3;0.346666667
262;2015;2015_N022;2015_N022;CORT;2015_E0223;0;1.15;8;7;ID00220;M;0.71;1.6;3.6;9;9.3;10;10.28;16.54;MEASURER3;0.433333333
263;2015;2015_N022;2015_N022;T4;2015_E0224;0;1.15;8;7;ID00223;F;0.81;1.9;4.8;7.8;10.2;10.6;10.59;16.71;MEASURER3;0.596666667
264;2015;2015_N020;2015_N022;C;2015_E0225;0;1.16;8;7;ID00222;M;0.77;2.3;5.6;8.5;11.9;11.9;11.6;16.81;MEASURER3;0.536666667
265;2015;2015_N020;2015_N022;CORT;2015_E0226;0;1.07;8;7;ID00217;F;0.75;2.5;5.5;8.7;10.2;10.8;10.82;16.24;MEASURER3;0.266666667
266;2015;2015_N021;2015_N022;C;2015_E0218;0;1.03;8;9;ID00218;F;0.68;1.6;4.4;7.3;9.6;9.5;9.3;15.83;MEASURER3;0.31
267;2015;2015_N021;2015_N022;T4;2015_E0220;0;1.01;8;9;ID00221;F;0.66;1.8;4.8;7.9;9.7;10.1;10.38;16.45;MEASURER3;0.44
268;2015;2015_N022;2015_N020;C;2015_E0230;0;1.16;7;7;ID00229;M;0.8;2.1;6.2;8.3;10.4;10.7;11.72;16.44;MEASURER3;0.44
269;2015;2015_N022;2015_N020;T4;2015_E0232;0;1.09;7;7;ID00226;M;0.74;2;4.9;8.3;10.6;10.5;11.67;16.65;MEASURER3;0.363333333
270;2015;2015_N020;2015_N020;C;2015_E0233;0;1.13;7;7;ID00231;M;0.72;2.6;6.1;8.9;10.9;11.5;12.69;17.08;MEASURER3;0.76
271;2015;2015_N020;2015_N020;T4;2015_E0234;0;0.99;7;7;ID00230;F;0.75;2.7;5.9;8.4;10.1;10.4;11.16;15.72;MEASURER3;0.47
272;2015;2015_N021;2015_N020;C;2015_E0227;0;1.1;7;9;ID00225;F;0.74;1.9;4.9;7.7;9.4;9.6;10.79;16.64;MEASURER3;0.28
273;2015;2015_N021;2015_N020;CORT;2015_E0228;0;1.05;7;9;ID00228;F;0.69;2.1;5;7.9;9.6;9.6;10.71;16.18;MEASURER3;0.433333333
274;2015;2015_N021;2015_N020;T4;2015_E0229;0;1.08;7;9;ID00227;M;0.71;2.1;5.1;8;10.5;10.8;11.48;16.65;MEASURER3;0.363333333
275;2015;2015_N006;2015_N005;C;2015_E0396;0;1.25;6;7;ID00240;F;0.9;1.5;6.1;8.5;8.9;9.2;9.85;16.29;MEASURER3;0.26
276;2015;2015_N005;2015_N005;C;2015_E0400;0;1.2;6;9;ID00239;F;0.83;1.7;4.7;7.7;8.8;8.9;10.11;15.27;MEASURER3;0.19
277;2015;2015_N004;2015_N005;C;2015_E0393;0;1.29;6;8;ID00241;UNK;0.94;2.4;6;8.4;9.1;9.4;10.47;15.4;MEASURER3;0.316666667
278;2015;2015_N004;2015_N005;T4;2015_E0395;0;1.31;6;8;ID00242;M;0.94;2.4;5.5;8.7;9.4;9.8;10.6;15.63;MEASURER3;0.3
279;2015;2015_N012;2015_N011;T4;2015_E0439;0;1.25;3;4;ID00247;M;;2.8;6.2;9.5;12;12.4;12.33;17.09;MEASURER3;0.623333333
280;2015;2015_N011;2015_N011;CORT;2015_E0443;0;1.27;3;6;ID00245;F;0.93;1.5;4.41;7.7;10.5;11.3;11.39;17.19;MEASURER3;0.513333333
281;2015;2015_N011;2015_N011;T4;2015_E0446;0;1.14;3;6;ID00246;UNK;0.8;1.8;4.86;7.91;10.8;11.3;11.61;16.71;MEASURER3;0.566666667
282;2015;2015_N024;2015_N024;CORT;2015_E0461;0;1.18;3;3;ID00249;UNK;0.87;2.4;5.8;9;11.5;11.9;11.22;16.69;MEASURER3;0.436666667
283;2015;2015_N024;2015_N024;T4;2015_E0462;0;1.17;3;3;ID00250;F;0.85;2.2;5.2;8.1;10.7;11.2;10.56;16.2;MEASURER3;0.606666667
284;2015;2015_N023;2015_N024;CORT;2015_E0464;0;1.11;3;1;ID00248;F;0.8;1.9;5.1;8.4;10.8;11.5;11.05;16.08;MEASURER3;0.413333333
285;2015;2015_N026;2015_N026;T4;2015_E0474;0;1.06;6;1;ID00252;F;0.65;1.9;4.8;7.6;10.1;9.9;10.81;16.45;MEASURER3;0.413333333
286;2015;2015_N027;2015_N026;C;2015_E0466;0;1.22;6;10;ID00253;F;0.83;2;4.6;7.8;10.1;9.6;10.41;17.05;MEASURER3;0.536666667
287;2015;2015_N027;2015_N026;CORT;2015_E0467;0;1.15;6;10;ID00255;M;0.81;2.2;5.4;8.8;11;11.1;11.53;17.4;MEASURER3;0.643333333
288;2015;2015_N027;2015_N026;T4;2015_E0468;0;1.21;6;10;ID00254;F;0.77;2.3;5.4;8.5;10.8;10.8;11.25;16.64;MEASURER3;0.646666667
289;2015;2015_N025;2015_N026;C;2015_E0469;0;1.14;6;6;ID00256;M;0.83;2.6;5.8;9.5;11.6;11.6;11.81;17.56;MEASURER3;0.77
290;2015;2015_N025;2015_N026;CORT;2015_E0470;0;1.14;6;6;ID00251;F;0.71;1.9;4.7;7.7;9.6;9.5;10.24;16.03;MEASURER3;0.433333333
291;2015;2015_N030;2015_N030;C;2015_E0491;0;1.31;7;7;ID00261;M;0.99;1.8;4.83;8.1;10.4;11.6;11.55;16.67;MEASURER3;0.46
292;2015;2015_N030;2015_N030;CORT;2015_E0492;0;1.31;7;7;ID00262;M;0.94;1.4;3.84;9.1;9.9;10.7;11.09;16.88;MEASURER3;0.696666667
293;2015;2015_N030;2015_N030;T4;2015_E0493;0;1.27;7;7;ID00263;M;0.92;1.6;4.28;7.5;9.6;10.7;10.94;16.41;MEASURER3;0.893333333
294;2015;2015_N029;2015_N030;C;2015_E0488;0;1.11;7;7;ID00258;M;0.78;1.1;2.68;4.7;7.8;8.8;9.79;15.5;MEASURER3;0.41
295;2015;2015_N028;2015_N030;C;2015_E0485;0;1.38;7;9;ID00257;F;1.02;1.6;4.34;7;9.5;10.4;10.95;15.66;MEASURER3;0.233333333
296;2015;2015_N028;2015_N030;CORT;2015_E0486;0;1.35;7;9;ID00260;F;0.89;1.5;3.9;6.8;9.8;10.2;11.19;15.15;MEASURER3;0.486666667
297;2015;2015_N028;2015_N030;T4;2015_E0487;0;1.35;7;9;ID00259;M;1.05;1.7;4.3;7.3;10.1;11;11.57;16.47;MEASURER3;0.416666667
298;2015;2015_N031;2015_N031;C;2015_E0509;0;1.11;2;2;ID00264;M;0.8;3;6.3;9.49;12.6;12.8;11.66;17.33;MEASURER3;0.656666667
299;2015;2015_N032;2015_N031;CORT;2015_E0513;0;1.28;2;5;ID00265;M;0.92;2.8;5.6;9.02;11.8;11.8;11.09;17.06;MEASURER3;0.646666667
300;2015;2015_N007;2015_N009;C;2015_E0514;0;1.16;6;6;ID00266;F;0.76;2;4.7;7.97;9.9;10.5;9.86;16.71;MEASURER3;0.346666667
301;2015;2015_N007;2015_N009;CORT;2015_E0515;0;1.14;6;6;ID00268;M;0.86;2;5;8.9;11.6;12;11.62;16.73;MEASURER3;0.55
302;2015;2015_N008;2015_N009;C;2015_E0517;0;1.03;6;6;ID00267;F;0.77;1.5;4.9;7.77;10.1;10.5;10.3;15.53;MEASURER3;0.383333333
303;2015;2015_N009;2015_N009;T4;2015_E0522;0;1.26;6;6;ID00269;M;0.88;1.8;4.8;8.83;10.7;11.4;11.25;16.26;MEASURER3;0.683333333
304;2015;2015_N034;2015_N034;C;2015_E0556;0;1.21;8;9;ID00275;M;0.96;2.6;4.5;6.6;8.6;9.1;11;16.81;MEASURER3;0.393333333
305;2015;2015_N034;2015_N034;CORT;2015_E0557;0;1.17;8;9;ID00276;F;0.92;2.1;4.3;6.8;8.3;8.8;10;16.04;MEASURER3;0.44
306;2015;2015_N034;2015_N034;T4;2015_E0558;0;1.19;8;9;ID00274;F;0.89;2.5;4.6;6.6;8.3;8.6;10.6;16.4;MEASURER3;0.393333333
307;2015;2015_N033;2015_N034;C;2015_E0550;0;1.28;8;9;ID00272;F;0.95;2.1;4;6.7;8.3;8.7;10.5;16.41;MEASURER3;0.223333333
308;2015;2015_N033;2015_N034;CORT;2015_E0551;0;1.22;8;9;ID00273;F;0.92;1.7;2.7;4.6;6;6.5;8.9;15.8;MEASURER3;0.286666667
309;2015;2015_N033;2015_N034;T4;2015_E0552;0;1.19;8;9;ID00277;UNK;0.87;1.8;3.5;6.2;8.1;8.8;10.6;16.9;MEASURER3;0.46
310;2015;2015_N006;2015_N004;CORT;2015_E0563;0;1.27;6;7;ID00283;F;0.94;2.4;5.1;8.7;10.3;10.8;10.9;16.25;MEASURER3;0.406666667
311;2015;2015_N006;2015_N004;T4;2015_E0564;0;1.28;6;7;ID00284;M;0.95;2.7;5.6;9.3;11.3;11.3;11.6;16.8;MEASURER3;0.41
312;2015;2015_N005;2015_N004;T4;2015_E0567;0;1.12;6;9;ID00281;M;0.83;1.4;3.1;6.1;8.9;9.9;11;15.94;MEASURER3;0.27
313;2015;2015_N004;2015_N004;CORT;2015_E0560;0;1.34;6;8;ID00280;F;1.02;2.4;4.8;7.8;9.7;10.7;10;16.3;MEASURER3;0.24
314;2015;2015_N004;2015_N004;T4;2015_E0561;0;1.35;6;8;ID00282;M;;1.9;4.2;8.9;9;9.5;10.3;15.98;MEASURER3;0.35
315;2015;2015_N036;2015_N036;T4;2015_E0595;Y;1.27;5;6;ID00285;M;;0.9;2.71;6.03;10.2;11.1;12.19;15.98;MEASURER3;0.623333333
316;2015;2015_N001;2015_N002;CORT;2015_E0613;0;1.14;6;5;ID00290;F;0.78;2.1;5;8.35;10.8;11;10.7;16.62;MEASURER3;0.54
317;2015;2015_N002;2015_N002;T4;2015_E0610;0;1.27;6;7;ID00289;M;0.92;1.63;5.3;8.1;11.6;11.9;12.56;17.03;MEASURER3;0.44
318;2015;2015_N002;2015_N002;C;2015_E0611;0;1.09;6;7;ID00288;M;0.77;1.9;5.16;8.95;11.8;12.2;12.29;16.72;MEASURER3;0.396666667
319;2015;2015_N002;2015_N002;CORT;2015_E0612;0;1.09;6;7;ID00287;M;0.7;1.8;4.7;8.15;10.7;11.1;10.98;16.75;MEASURER3;0.38
320;2015;2015_N024;2015_N037;CORT;2015_E0621;0;1.11;3;3;ID00293;M;0.8;2.2;4.8;10.02;11.9;12.6;11.9;16.51;MEASURER3;0.73
321;2015;2015_N037;2015_N037;T4;2015_E0619;0;1.02;3;2;ID00292;F;0.64;1.4;3.8;7.84;10.4;10.6;10.51;16.5;MEASURER3;0.633333333
322;2015;2015_N034;2015_N035;CORT;2015_E0643;0;1.19;8;9;ID00301;F;0.89;2.4;5.9;8.5;11.1;11.1;10.35;16.96;MEASURER3;0.66
323;2015;2015_N034;2015_N035;C;2015_E0644;0;1.17;8;9;ID00298;F;0.89;3.1;6.6;9.2;11.2;11.2;11.15;17.03;MEASURER3;0.446666667
324;2015;2015_N034;2015_N035;C;2015_E0645;0;1.24;8;9;ID00299;M;;2.3;5.7;8.9;11.7;12.5;11.65;17.43;MEASURER3;0.526666667
325;2015;2015_N035;2015_N035;C;2015_E0640;0;1.12;8;6;ID00300;M;0.74;1.6;4.4;7;9.7;10.6;9.78;16.95;MEASURER3;0.473333333
326;2015;2015_N035;2015_N035;T4;2015_E0642;0;1.08;8;6;ID00297;F;0.75;1.3;3.8;6.9;10.1;10.7;10.78;17.15;MEASURER3;0.39
327;2015;2015_N033;2015_N035;C;2015_E0634;0;1.23;8;9;ID00296;M;0.89;2.7;6.2;9.9;11.7;11.4;11.65;17.3;MEASURER3;0.27
328;2015;2015_N033;2015_N035;CORT;2015_E0635;0;1.29;8;9;ID00302;M;0.93;2.6;6.2;9.5;11.8;12.5;10.6;17.09;MEASURER3;0.79
329;2015;2015_N033;2015_N035;T4;2015_E0636;0;1.18;8;9;ID00295;F;0.83;2.1;5.5;8.6;11.2;11.4;10.83;16.92;MEASURER3;0.29
330;2015;2015_N036;2015_N038;CORT;2015_E0722;Y;1.3;5;6;ID00304;UNK;1.3;1.62;4.1;6.8;10.4;11;12.13;16.88;MEASURER3;0.513333333
331;2015;2015_N036;2015_N038;T4;2015_E0723;Y;1.3;5;6;ID00305;UNK;1.3;1.78;4;7.1;10.5;11.3;11.84;16.75;MEASURER3;0.613333333
332;2015;2015_N038;2015_N038;C;2015_E0725;Y;1.21;5;7;ID00306;F;1.21;1.97;5;8.3;10.6;10.9;11.44;15.74;MEASURER3;0.66
333;2015;2015_N038;2015_N038;CORT;2015_E0726;Y;1.16;5;7;ID00307;M;1.16;3.11;6.9;10;11.7;11.7;11.68;17.68;MEASURER3;0.703333333
334;2015;2015_N038;2015_N038;T4;2015_E0728;Y;1.17;5;7;ID00303;M;1.17;2.98;7;9.8;12.1;12;12.48;17.8;MEASURER3;0.493333333
335;2015;2015_N027;2015_N027;T4;2015_E0738;0;1.19;8;10;ID00309;M;0.81;1.3;3.9;6.8;9.9;10.5;11.03;16.6;MEASURER3;0.606666667
336;2015;2015_N027;2015_N027;T4;2015_E0742;0;1.1;8;10;ID00308;F;0.72;1.95;4.4;7.3;10.1;10.7;10.76;17.07;MEASURER3;0.64
337;2015;2015_N025;2015_N027;CORT;2015_E0744;0;1.12;8;6;ID00311;M;0.74;1.6;3.9;7;9;10.7;10.98;15.97;MEASURER3;0.76
338;2015;2015_N025;2015_N027;T4;2015_E0745;0;1.19;8;6;ID00310;M;0.89;2.56;5;8.6;11.3;11.4;11.62;17.5;MEASURER3;0.65
339;2015;2015_N018;2015_N019;CORT;2015_E0753;0;1.24;6;9;ID00316;F;0.73;1.56;4;7.91;10;10.2;10.43;16.8;MEASURER3;0.553333333
340;2015;2015_N019;2015_N019;C;2015_E0757;0;1.16;6;8;ID00315;M;0.87;1.07;2.9;6.92;10.1;11;12.11;16.65;MEASURER3;0.356666667
341;2015;2015_N019;2015_N019;CORT;2015_E0756;0;1.19;6;8;ID00319;M;0.81;1.66;3.6;7.85;10.1;10.7;11.24;16.42;MEASURER3;0.643333333
342;2015;2015_N019;2015_N019;T4;2015_E0758;0;1.16;6;8;ID00314;F;0.84;2.25;4.8;8.56;10.5;10;11.26;16.5;MEASURER3;0.306666667
343;2015;2015_N017;2015_N019;CORT;2015_E0750;0;1.06;6;6;ID00318;F;0.72;0.97;2.5;6.26;9.2;9.7;10.66;16.22;MEASURER3;0.58
344;2015;2015_N017;2015_N019;T4;2015_E0751;0;1.04;6;6;ID00317;M;0.65;1.04;2.8;6.76;9.78;10.5;11.29;16.3;MEASURER3;0.566666667
345;2015;2015_N013;2015_N015;C;2015_E0872;0;1.17;9;8;ID00326;F;0.84;2.47;5.3;7.8;10.4;10.6;11.21;16.29;MEASURER3;0.863333333
346;2015;2015_N013;2015_N015;T4;2015_E0874;0;1.19;9;8;ID00327;F;0.88;2.59;5.1;8;11.3;11.6;11.82;16.3;MEASURER3;0.85
347;2015;2015_N015;2015_N015;T4;2015_E0862;0;1.19;9;7;ID00321;F;0.82;1.79;3.9;6.8;10.3;11;12.03;17.8;MEASURER3;0.423333333
348;2015;2015_N015;2015_N015;CORT;2015_E0863;0;1.16;9;7;ID00320;UNK;0.81;;2.7;5.5;8.6;9.5;10.67;17.42;MEASURER3;0.32
349;2015;2015_N015;2015_N015;CORT;2015_E0865;0;1.18;9;7;ID00323;UNK;0.83;;1.8;4.4;7.3;8.1;9.13;15.86;MEASURER3;0.486666667
350;2015;2015_N015;2015_N015;C;2015_E0866;0;1.18;9;7;ID00325;F;0.82;1.53;3.7;6.8;9.6;9.7;10.56;17.15;MEASURER3;0.803333333
351;2015;2015_N014;2015_N015;CORT;2015_E0870;0;1.32;9;5;ID00324;UNK;0.86;1.98;4.3;7.2;9.9;10.6;11.56;16.92;MEASURER3;0.653333333
352;2015;2015_N014;2015_N015;T4;2015_E0871;0;1.24;9;5;ID00322;M;0.87;2.01;3.5;7.6;10.5;11.4;12.31;17.21;MEASURER3;0.496666667
353;2015;2015_N027;2015_N025;CORT;2015_E0893;0;1.12;6;10;ID00338;F;0.77;1.58;3.7;7.7;10.2;11.1;10.59;16.07;MEASURER3;0.596666667
354;2015;2015_N027;2015_N025;T4;2015_E0894;0;1.21;6;10;ID00335;F;0.83;1.8;3.09;8;10.3;10.5;11.08;17.07;MEASURER3;0.43
355;2015;2015_N025;2015_N025;CORT;2015_E0895;0;1.13;6;6;ID00337;M;0.8;1.79;3.9;8;10.4;11.1;11.08;16.3;MEASURER3;0.553333333
356;2015;2015_N025;2015_N025;T4;2015_E0896;0;1.12;6;6;ID00336;M;0.72;1.56;3.5;8.1;10.8;11.6;12.21;17.26;MEASURER3;0.543333333
357;2015;2015_N030;2015_N029;CORT;2015_E0919;0;1.29;8;7;ID00346;F;0.81;1.9;5.1;7.2;10.2;10.7;11.53;16.34;MEASURER3;0.676666667
358;2015;2015_N030;2015_N029;T4;2015_E0920;0;1.27;8;7;ID00345;M;0.87;1.7;4.6;7.1;9.6;10.6;11.45;16.71;MEASURER3;0.653333333
359;2015;2015_N029;2015_N029;CORT;2015_E0914;0;1.11;8;7;ID00339;F;0.8;1.9;4.6;7.3;10;10.9;11.49;16.52;MEASURER3;0.203333333
360;2015;2015_N029;2015_N029;CORT;2015_E0916;0;1.04;8;7;ID00343;M;0.71;1.5;4.1;6.5;9.4;10.5;11.99;16.38;MEASURER3;0.35
361;2015;2015_N029;2015_N029;T4;2015_E0917;0;1.1;8;7;ID00344;F;0.78;1.5;4;5.9;8.4;9.3;10.01;14.95;MEASURER3;0.583333333
362;2015;2015_N028;2015_N029;C;2015_E0911;0;1.21;8;9;ID00342;F;0.9;1.6;4.4;5.8;9.5;10.2;10.95;15.86;MEASURER3;0.306666667
363;2015;2015_N028;2015_N029;CORT;2015_E0912;0;1.25;8;9;ID00340;M;1.05;1.1;2.7;4.8;7.1;8;9.04;14.71;MEASURER3;0.203333333
364;2015;2015_N028;2015_N029;T4;2015_E0913;0;1.3;8;9;ID00341;F;1.03;1.7;4.7;6.9;10;10.7;11.25;16.23;MEASURER3;0.226666667
365;2015;2015_N043;2015_N043;CORT;2015_E0930;0;1.19;9;7;ID00348;M;0.88;1.9;4.9;8.3;9.6;9.6;9.46;16.58;MEASURER3;0.263333333
366;2015;2015_N043;2015_N043;T4;2015_E0933;0;1.11;9;7;ID00350;M;0.75;2.3;5.2;8.5;9.8;9.5;9.75;15.78;MEASURER3;0.413333333
367;2015;2015_N042;2015_N043;CORT;2015_E0928;0;1.19;9;7;ID00349;F;0.88;2.3;5;8.2;9.2;9.3;8.92;15.78;MEASURER3;0.346666667
368;2015;2015_N042;2015_N043;T4;2015_E0929;0;1.21;9;7;ID00347;M;0.87;1.9;4.3;7.3;9.2;9;9.65;16.66;MEASURER3;0.15
369;2015;2015_N044;2015_N043;CORT;2015_E0922;0;1.24;9;10;ID00352;M;0.88;1.5;3.7;7.1;9.1;9.6;9.83;16.5;MEASURER3;0.37
370;2015;2015_N044;2015_N043;C;2015_E0923;0;1.23;9;10;ID00354;M;0.82;1.6;3.4;6.8;7.8;8;8.33;16.16;MEASURER3;0.436666667
371;2015;2015_N044;2015_N043;CORT;2015_E0924;0;1.25;9;10;ID00353;F;0.8;1.5;3.6;6.4;8;8.5;8.04;15.78;MEASURER3;0.396666667
372;2015;2015_N044;2015_N043;T4;2015_E0925;0;1.27;9;10;ID00351;M;0.77;1.4;3.2;6;8.1;8.3;9.41;16.07;MEASURER3;0.396666667
373;2015;2015_N045;2015_N045;C;2015_E0962;0;1.22;7;7;ID00361;F;0.77;1.8;4.2;7.4;9.5;10;11.05;15.87;MEASURER3;0.616666667
374;2015;2015_N045;2015_N045;C;2015_E0963;0;1.21;7;7;ID00359;F;0.9;1.5;3.75;6.8;9.6;10;11.32;16.34;MEASURER3;0.466666667
375;2015;2015_N045;2015_N045;CORT;2015_E0964;0;1.27;7;7;ID00356;F;0.95;1.9;4.4;6;9.2;9.4;10.5;17.08;MEASURER3;0.17
376;2015;2015_N047;2015_N045;C;2015_E0966;0;1.24;7;8;ID00362;F;0.87;2.4;5.4;9;10.5;10.8;11.13;16.49;MEASURER3;0.786666667
377;2015;2015_N047;2015_N045;T4;2015_E0968;0;1.22;7;8;ID00360;F;0.82;1.7;4.1;7.8;10.1;10.5;10.94;15.7;MEASURER3;0.56
378;2015;2015_N046;2015_N045;C;2015_E0969;0;1.05;7;6;ID00358;F;0.71;2.2;4.9;8.8;10.7;11;11.35;14.82;MEASURER3;0.276666667
379;2015;2015_N046;2015_N045;CORT;2015_E0970;0;1.19;7;6;ID00357;F;0.85;3;6;9.1;10.6;10.6;10.86;16.78;MEASURER3;0.246666667
380;2015;2015_N048;2015_N016;C;2015_E0981;0;1.28;6;8;ID00363;F;1.01;2.59;5.3;9.22;10.7;10.8;11.37;17.09;MEASURER3;0.413333333
381;2015;2015_N048;2015_N016;CORT;2015_E0982;0;1.3;6;8;ID00364;F;0.91;2.11;4.8;8.7;10.1;10.2;11.27;16.41;MEASURER3;0.513333333
382;2015;2015_N048;2015_N016;T4;2015_E0983;0;1.33;6;8;ID00366;F;1;2.59;5.4;9.4;11.1;11.1;11.91;16.52;MEASURER3;0.823333333
383;2015;2015_N049;2015_N016;C;2015_E0987;0;1.11;6;8;ID00365;F;0.75;0.97;2.8;6.41;8.4;8.6;10.33;15.45;MEASURER3;0.523333333
384;2015;2015_N018;2015_N017;T4;2015_E0994;0;1.16;8;9;ID00368;M;0.82;1.62;3.9;8.21;10.3;10.7;11.3;17.11;MEASURER3;0.64
385;2015;2015_N051;2015_N051;C;2015_E1031;0;1.24;5;3;ID00377;F;0.89;1.6;4.19;7.03;10;10.6;11.42;16.89;MEASURER3;0.423333333
386;2015;2015_N051;2015_N051;CORT;2015_E1032;0;1.22;5;3;ID00378;F;0.82;2.15;4.44;8.13;11;11.3;12.14;16.31;MEASURER3;0.443333333
387;2015;2015_N050;2015_N051;CORT;2015_E1028;0;1;5;3;ID00376;M;0.68;1.76;3.92;6.93;10.1;10.6;11.75;16.77;MEASURER3;0.343333333
388;2015;2015_N052;2015_N051;C;2015_E1026;0;1.22;5;1;ID00379;F;0.86;3.3;6.32;9.54;11.5;11.9;11.94;16.83;MEASURER3;0.653333333
389;2015;2015_N034;2015_N033;C;2015_E1041;0;1.17;8;9;ID00383;UNK;0.92;2.3;4.9;8.8;9.9;10.6;10.77;16.2;MEASURER3;0.393333333
390;2015;2015_N034;2015_N033;CORT;2015_E1042;0;1.26;8;9;ID00386;M;0.99;2.7;5.4;9.2;10.8;11.4;11.94;17.15;MEASURER3;0.663333333
391;2015;2015_N034;2015_N033;T4;2015_E1043;0;1.21;8;9;ID00387;M;0.92;2.1;4.66;8.7;9.6;10.5;11.22;15.6;MEASURER3;0.84
392;2015;2015_N035;2015_N033;CORT;2015_E1039;0;1.11;8;6;ID00384;M;0.8;1.1;2.67;6.7;7.7;8.6;9.27;15.2;MEASURER3;0.343333333
393;2015;2015_N035;2015_N033;T4;2015_E1040;0;1.06;8;6;ID00381;F;0.78;1.7;3.42;6.6;7.5;8.2;9.53;14.83;MEASURER3;0.253333333
394;2015;2015_N033;2015_N033;C;2015_E1034;0;1.29;8;9;ID00385;UNK;0.96;2.1;4.53;8.8;10;10.2;11.05;16;MEASURER3;0.45
395;2015;2015_N033;2015_N033;CORT;2015_E1035;0;1.21;8;9;ID00380;F;0.9;2;4.51;8.4;9.5;9.9;10.79;15.97;MEASURER3;0.2
396;2015;2015_N033;2015_N033;T4;2015_E1036;0;1.21;8;9;ID00382;UNK;0.78;1.7;3.9;7.6;9.6;9.6;10.61;16.37;MEASURER3;0.206666667
397;2015;2015_N016;2015_N048;C;2015_E1047;0;1.25;6;5;ID00391;F;0.92;1.1;3.6;7.31;10.3;10.8;10.53;16.82;MEASURER3;0.51
398;2015;2015_N048;2015_N048;CORT;2015_E1045;0;1.35;6;8;ID00389;F;0.97;2.2;5.7;8.72;11.5;11.5;11.3;16.67;MEASURER3;0.333333333
399;2015;2015_N048;2015_N048;T4;2015_E1046;0;1.29;6;8;ID00388;M;0.92;2.3;5.9;9.5;12.8;12.6;10.25;17.09;MEASURER3;0.28
400;2015;2015_N049;2015_N048;C;2015_E1050;0;1.12;6;8;ID00392;M;0.68;;2.2;4.77;8.4;9.1;9.53;14.45;MEASURER3;0.636666667
401;2015;2015_N049;2015_N048;CORT;2015_E1051;0;1.14;6;8;ID00390;M;0.77;1.2;3.4;6.95;10.7;10.8;11.3;16.99;MEASURER3;0.396666667
402;2015;2015_N043;2015_N042;C;2015_E1065;0;1.09;7;7;ID00397;F;0.77;2.2;4.72;9.09;10.5;10.8;11.02;16.36;MEASURER3;0.536666667
403;2015;2015_N042;2015_N042;CORT;2015_E1057;0;1.23;7;7;ID00398;M;0.84;2.5;5.66;9.81;11.3;11.9;12.38;17.32;MEASURER3;0.593333333
404;2015;2015_N042;2015_N042;CORT;2015_E1059;0;1.24;7;7;ID00395;F;0.84;1.7;4.67;8.63;10.8;11.3;12.03;17.8;MEASURER3;0.516666667
405;2015;2015_N042;2015_N042;T4;2015_E1063;0;1.11;7;7;ID00396;F;0.77;2.4;5.54;9.04;10.6;10.8;11.15;16.52;MEASURER3;0.533333333
406;2015;2015_N044;2015_N042;C;2015_E1054;0;1.23;7;10;ID00399;M;0.82;2;4.8;9.16;10.7;11;11.84;17.2;MEASURER3;0.723333333
407;2015;2015_N044;2015_N042;T4;2015_E1056;0;1.27;7;10;ID00394;F;0.85;2.7;5.8;9.73;10.9;11.3;11.83;17.82;MEASURER3;0.41
408;2015;2015_N053;2015_N054;C;2015_E1113;0;1.21;7;3;ID00400;M;0.81;1.9;4.5;8.5;10.6;10.4;11.08;16.6;MEASURER3;0.276666667
409;2015;2015_N054;2015_N054;T4;2015_E1109;0;1.13;7;6;ID00401;F;0.78;2.1;4.8;9;10.7;11.1;11.4;16.1;MEASURER3;0.43
410;2015;2015_N054;2015_N054;T4;2015_E1115;0;1.1;7;6;ID00402;F;0.81;2.2;5;8.9;11.1;11;11.42;16.71;MEASURER3;0.463333333
411;2015;2015_N030;2015_N028;CORT;2015_E1138;0;1.31;9;7;ID00409;F;0.85;1.7;4.51;7;10.1;10.8;11.55;16.54;MEASURER3;0.633333333
412;2015;2015_N029;2015_N028;C;2015_E1133;0;1.45;9;7;ID00410;F;0.77;1.9;4.51;7.2;10.1;11.1;11.66;16.71;MEASURER3;0.653333333
413;2015;2015_N029;2015_N028;CORT;2015_E1134;0;1.09;9;7;ID00411;F;0.79;2;4.65;7.5;10.4;11.2;12.35;17.67;MEASURER3;0.733333333
414;2015;2015_N029;2015_N028;T4;2015_E1135;0;1.04;9;7;ID00407;M;0.7;1.6;4.34;7.5;10.4;11.4;12.55;17.5;MEASURER3;0.576666667
415;2015;2015_N028;2015_N028;C;2015_E1130;0;1.34;9;9;ID00406;M;0.98;1.2;3.77;6;10.1;11.2;12;16.89;MEASURER3;0.543333333
416;2015;2015_N028;2015_N028;CORT;2015_E1131;0;1.36;9;9;ID00408;M;1.05;1.3;3.57;6.4;10;10.5;11.2;16.1;MEASURER3;0.573333333
417;2015;2015_N028;2015_N028;T4;2015_E1132;0;1.36;9;9;ID00405;M;1.04;1.3;4.05;6.8;10.1;10.6;11.54;16.07;MEASURER3;0.42
418;2015;2015_N045;2015_N047;C;2015_E1180;0;1.25;7;7;ID00414;M;0.99;1.5;4.14;7.1;10;10.5;11.37;16.3;MEASURER3;0.44
419;2015;2015_N047;2015_N047;T4;2015_E1183;0;1.26;7;8;ID00418;M;0.77;1.5;4.14;6.9;9.7;10.7;11.77;17.35;MEASURER3;0.543333333
420;2015;2015_N047;2015_N047;C;2015_E1184;0;1.24;7;8;ID00415;F;;1.6;4.31;7.1;9.8;10.3;10.93;16.91;MEASURER3;0.426666667
421;2015;2015_N047;2015_N047;CORT;2015_E1185;0;1.24;7;8;ID00413;M;0.95;1.5;4.55;8;10.7;11.2;11.88;17.55;MEASURER3;0.17
422;2015;2015_N046;2015_N047;C;2015_E1187;0;1.16;7;6;ID00416;F;0.87;1.8;4.64;7.5;10.2;10.1;10.73;16.23;MEASURER3;0.486666667
423;2015;2015_N046;2015_N047;T4;2015_E1189;0;NA;7;6;ID00417;M;0.89;2.3;5.29;8;10.6;11.3;12.08;17.19;MEASURER3;0.516666667
424;2015;2015_N031;2015_N055;T4;2015_E1225;0;1.03;7;2;ID00422;M;0.75;1.8;4.22;7.49;9.8;10.4;11.12;16.51;MEASURER3;0.6
425;2015;2015_N055;2015_N055;T4;2015_E1217;0;1;7;5;ID00421;F;0.71;1.3;3.74;6.73;9.4;9.9;10.6;16.82;MEASURER3;0.346666667
426;2015;2015_N055;2015_N055;T4;2015_E1219;0;1.01;7;5;ID00420;M;;1;3.32;6.4;9.5;10.9;11.08;17.26;MEASURER3;0.286666667
427;2015;2015_N032;2015_N055;CORT;2015_E1227;0;1.19;7;5;ID00423;M;0.72;2.2;5.07;9.15;11.3;12;12.78;16.97;MEASURER3;0.653333333
428;2015;2015_N053;2015_N056;C;2015_E1255;0;1.28;5;3;ID00426;M;0.89;2.3;5.6;8.9;11.1;11;11.29;16.91;MEASURER3;0.4
429;2015;2015_N054;2015_N056;C;2015_E1246;0;1.14;5;6;ID00428;F;0.73;1.9;4.5;7.5;10.1;10.3;10.86;15.9;MEASURER3;0.63
430;2015;2015_N054;2015_N056;CORT;2015_E1247;0;1.13;5;6;ID00425;F;0.81;1.84;4.4;7.6;10;10.4;10.77;15.69;MEASURER3;0.343333333
431;2015;2015_N054;2015_N056;T4;2015_E1248;0;1.16;5;6;ID00429;M;0.75;1.98;5.1;8.7;11.1;11.8;11.77;16.2;MEASURER3;0.67
432;2015;2015_N056;2015_N056;T4;2015_E1250;0;1.17;5;4;ID00427;F;0.84;1.44;3.8;7.1;9.9;10.2;13.64;15.9;MEASURER3;0.506666667
433;2015;2015_N043;2015_N044;C;2015_E1268;0;1.12;9;7;ID00434;F;0.76;1.98;4.7;7.92;10.1;10.7;11.32;16.2;MEASURER3;0.603333333
434;2015;2015_N043;2015_N044;CORT;2015_E1269;0;1.16;9;7;ID00432;F;0.82;2.32;5.5;8.74;11;11.3;11.38;16.18;MEASURER3;0.513333333
435;2015;2015_N043;2015_N044;T4;2015_E1270;0;1.21;9;7;ID00431;F;0.87;2.2;5.2;8.66;10.9;10.7;10.78;16.28;MEASURER3;0.463333333
436;2015;2015_N042;2015_N044;C;2015_E1263;0;1.18;9;7;ID00437;M;0.83;1.96;5.1;8.75;10.9;11.2;11.64;16.93;MEASURER3;0.606666667
437;2015;2015_N042;2015_N044;T4;2015_E1266;0;1.2;9;7;ID00438;M;0.75;1.93;5.2;8.88;11.3;11.3;11.26;17.16;MEASURER3;0.61
438;2015;2015_N044;2015_N044;C;2015_E1258;0;1.2;9;10;ID00436;M;0.8;;5.8;9.43;10.8;11.3;11.16;16.88;MEASURER3;0.583333333
439;2015;2015_N044;2015_N044;T4;2015_E1260;0;1.26;9;10;ID00430;M;0.8;1.9;4.6;7.83;10.4;10.7;10.59;17.56;MEASURER3;0.443333333
440;2015;2015_N044;2015_N044;CORT;2015_E1261;0;1.28;9;10;ID00433;M;0.83;2.08;5.5;8.99;11.2;11.3;11.25;17.54;MEASURER3;0.506666667
441;2015;2015_N044;2015_N044;T4;2015_E1262;0;1.27;9;10;ID00435;M;0.9;2.2;5.4;8.56;11.2;11.4;11.79;17.64;MEASURER3;0.553333333
442;2015;2015_N031;2015_N032;C;2015_E1274;0;1.14;7;2;ID00442;F;0.81;2.25;5.2;8;11.1;11.4;11.7;16.72;MEASURER3;0.49
443;2015;2015_N055;2015_N032;C;2015_E1271;0;1;7;5;ID00439;F;0.65;1.8;4.3;8.1;10.1;10.1;10.45;16.01;MEASURER3;0.243333333
444;2015;2015_N055;2015_N032;T4;2015_E1273;0;0.97;7;5;ID00443;UNK;0.65;1.34;3.5;7.2;9.5;10.1;10.51;16.31;MEASURER3;0.496666667
445;2015;2015_N032;2015_N032;CORT;2015_E1276;0;1.26;7;5;ID00440;F;;1.34;3.8;7.3;9.6;10.2;10.64;16.19;MEASURER3;0.3
446;2015;2015_N032;2015_N032;CORT;2015_E1277;0;1.24;7;5;ID00445;F;0.92;2.08;4.7;8.6;10.2;11.2;11.08;16.26;MEASURER3;0.52
447;2015;2015_N032;2015_N032;CORT;2015_E1279;0;1.26;7;5;ID00441;M;0.84;2.34;5.3;8.8;10.7;11;11.33;17.04;MEASURER3;0.43
448;2015;2015_N032;2015_N032;T4;2015_E1280;0;1.26;7;5;ID00444;M;0.87;2.44;5.8;9.4;12;12;12.8;16.3;MEASURER3;0.493333333
449;2015;2015_N013;2015_N014;C;2015_E1287;0;1.21;5;8;ID00448;M;0.84;2.76;5.9;8.8;11.5;11.8;11.51;16.79;MEASURER3;0.636666667
450;2015;2015_N013;2015_N014;CORT;2015_E1288;0;1.19;5;8;ID00446;M;0.91;2.42;6.1;9.4;11.7;11.5;11.52;16.62;MEASURER3;0.273333333
451;2015;2015_N013;2015_N014;T4;2015_E1289;0;1.26;5;8;ID00447;F;0.91;2.3;5.6;8.6;10.9;11;10.91;16.48;MEASURER3;0.56
452;2015;2015_N014;2015_N014;CORT;2015_E1285;0;1.32;5;5;ID00449;F;0.95;2.59;4.5;7.9;10.9;11.1;11.34;16.28;MEASURER3;0.71
453;2015;2015_N045;2015_N046;C;2015_E1366;0;1.23;8;7;ID00456;F;0.82;1.8;3.65;6.4;7.3;8.6;9.9;15.81;MEASURER3;0.483333333
454;2015;2015_N045;2015_N046;CORT;2015_E1367;0;1.21;8;7;ID00451;M;0.86;1.8;4.31;7.3;9;9.8;10.74;16.3;MEASURER3;0.176666667
455;2015;2015_N045;2015_N046;T4;2015_E1368;0;1.22;8;7;ID00453;F;0.92;1.6;3.96;6;8.7;9.3;10.76;15.78;MEASURER3;0.443333333
456;2015;2015_N047;2015_N046;C;2015_E1369;0;1.17;8;8;ID00457;M;0.85;2.5;5.48;8.8;10.3;10.8;12.06;17.57;MEASURER3;0.52
457;2015;2015_N047;2015_N046;CORT;2015_E1370;0;1.2;8;8;ID00458;M;0.9;2.3;5.54;9.3;11.6;11.6;12.52;17.15;MEASURER3;0.596666667
458;2015;2015_N047;2015_N046;T4;2015_E1371;0;1.26;8;8;ID00452;M;0.92;2.1;4.82;7.9;9.6;10.1;11.32;17.21;MEASURER3;0.38
459;2015;2015_N046;2015_N046;C;2015_E1372;0;1.23;8;6;ID00454;M;0.85;2.6;5.56;8.9;10;11.2;11.6;17.13;MEASURER3;0.463333333
460;2015;2015_N046;2015_N046;T4;2015_E1374;0;NA;8;6;ID00455;M;0.76;2;4.7;7.3;9.5;9.6;11.08;15.6;MEASURER3;0.526666667
461;2015;2015_N039;2015_N040;CORT;2015_E1395;0;1.23;5;6;ID00459;F;0.91;2.4;5.1;9.2;11.1;11.7;11.83;16.8;MEASURER3;0.433333333
462;2015;2015_N039;2015_N040;T4;2015_E1396;0;1.22;5;6;ID00460;F;0.86;;6.2;10.12;11.1;11.6;11.74;17.4;MEASURER3;0.626666667
463;2015;2015_N040;2015_N040;T4;2015_E1387;0;1.21;5;6;ID00461;M;0.84;1.5;3.9;7.7;10.8;11.7;10.93;16.93;MEASURER3;0.766666667
464;2015;2015_N022;2015_N021;T4;2015_E1424;0;1.11;8;7;ID00471;M;0.75;1.7;3.9;7.8;9.6;10;11.11;15.98;MEASURER3;0.733333333
465;2015;2015_N020;2015_N021;C;2015_E1426;0;1.05;8;7;ID00464;F;0.66;1.9;4.8;8;9.5;10.2;10.88;16.97;MEASURER3;0.36
466;2015;2015_N020;2015_N021;CORT;2015_E1427;0;1.13;8;7;ID00468;F;0.75;2.9;5.8;9.2;10.3;10.4;10.81;16.39;MEASURER3;0.443333333
467;2015;2015_N020;2015_N021;T4;2015_E1428;0;0.99;8;7;ID00465;F;0.72;2.5;5.2;9.4;11.1;11.3;12.01;16.33;MEASURER3;0.34
468;2015;2015_N021;2015_N021;T4;2015_E1425;0;1.07;8;9;ID00469;M;0.77;1.8;4.2;8.3;10.1;10.5;11.52;17.29;MEASURER3;0.626666667
469;2015;2015_N021;2015_N021;CORT;2015_E1417;0;1.09;8;9;ID00466;F;0.72;1.8;4;7.6;9;9.7;10.38;16.67;MEASURER3;0.343333333
470;2015;2015_N021;2015_N021;C;2015_E1419;0;1.13;8;9;ID00470;M;0.75;2;4.8;8.5;10.5;10.9;11.69;17.15;MEASURER3;0.61
471;2015;2015_N021;2015_N021;CORT;2015_E1420;0;1.05;8;9;ID00467;M;0.52;1.8;4.2;7.6;9.6;9.9;10.84;16.12;MEASURER3;0.343333333
472;2015;2015_N051;2015_N050;T4;2015_E1437;0;1.12;7;3;ID00474;F;0.77;2.32;5.5;9.2;11;11.4;11.74;16.82;MEASURER3;0.56
473;2015;2015_N050;2015_N050;T4;2015_E1432;0;1.02;7;3;ID00473;F;0.72;1.66;4.5;8.8;10.2;10.7;11.35;16.93;MEASURER3;0.27
474;2015;2015_N050;2015_N050;C;2015_E1433;0;1.02;7;3;ID00472;M;0.72;2.08;5.1;9.7;10.8;11.2;11.74;17.42;MEASURER3;0.216666667
475;2015;2015_N039;2015_N041;CORT;2015_E1466;0;1.21;4;6;ID00476;F;0.85;2.4;5.93;9.25;11.4;11.6;12.15;17.38;MEASURER3;0.63
476;2015;2015_N039;2015_N041;T4;2015_E1467;0;1.17;4;6;ID00477;M;0.84;2.7;6.03;9.8;11.3;12.7;12.44;17.93;MEASURER3;0.656666667
477;2015;2015_N040;2015_N041;T4;2015_E1459;0;1.23;4;6;ID00478;M;0.91;2;5.01;8.46;11.4;11.8;12.46;17.18;MEASURER3;0.64
478;2015;2015_N041;2015_N041;T4;2015_E1464;0;0.87;4;3;ID00475;UNK;0.57;1.2;3.9;7.32;10.2;10.7;11.27;16.35;MEASURER3;0.463333333
479;2015;2015_N016;2015_N049;C;2015_E1472;0;1.25;11;5;ID00487;M;0.89;1.6;4.5;7.4;10.1;10.5;10.05;17.12;MEASURER3;0.643333333
480;2015;2015_N016;2015_N049;CORT;2015_E1473;0;1.21;11;5;ID00481;F;0.9;1.7;4.4;7.37;9.7;9.9;9.71;17.37;MEASURER3;0.47
481;2015;2015_N016;2015_N049;T4;2015_E1474;0;1.28;11;5;ID00484;M;0.93;1.7;4.5;7.18;9.3;9.7;9.61;17.04;MEASURER3;0.54
482;2015;2015_N048;2015_N049;CORT;2015_E1469;0;1.32;11;8;ID00485;M;0.95;2.3;5.8;9.44;11.6;12.1;11.47;17.15;MEASURER3;0.516666667
483;2015;2015_N048;2015_N049;T4;2015_E1470;0;1.35;11;8;ID00483;M;0.95;2.3;6.1;9.71;11.4;11.5;11.77;16.79;MEASURER3;0.463333333
484;2015;2015_N049;2015_N049;CORT;2015_E1475;0;1.14;11;8;ID00486;UNK;0.8;1.2;3.5;7.01;9.5;9.8;9.91;16.16;MEASURER3;0.573333333
485;2015;2015_N049;2015_N049;C;2015_E1476;0;1.15;11;8;ID00480;M;0.82;1.4;4.1;7.44;10;10.7;10.51;16.58;MEASURER3;0.39
486;2015;2015_N049;2015_N049;CORT;2015_E1477;0;1.12;11;8;ID00479;M;0.8;1.1;3.9;7.58;10.5;10.7;10.69;16.27;MEASURER3;0.386666667
487;2015;2015_N049;2015_N049;T4;2015_E1478;0;1.14;11;8;ID00482;M;0.84;1.2;3.45;6.48;9;9.5;9.66;16.28;MEASURER3;0.443333333
488;2014;2014_N004;2014_N004;C;2014_E0191;0;NA;9;4;ID00002;UNK;;2.4;5.92;9.61;;;;;NAPPL;
489;2014;2014_N005;2014_N004;T4;2014_E0195;0;NA;9;6;ID00003;UNK;;1.4;3.87;7.5;;;;;NAPPL;
490;2014;2014_N005;2014_N004;CORT;2014_E0196;0;NA;9;6;ID00004;UNK;;1.8;4.65;8;;;;;NAPPL;
491;2014;2014_N006;2014_N004;T4;2014_E0192;0;NA;9;6;ID00006;UNK;;1.9;4.69;8.6;;;;;NAPPL;
492;2014;2014_N006;2014_N004;C;2014_E0194;0;NA;9;6;ID00005;UNK;;1.9;4.84;8.2;;;;;NAPPL;
493;2014;2014_N005;2014_N005;T4;2014_E0215;0;NA;9;6;ID00008;UNK;;1.5;4.4;;;;;;NAPPL;
494;2014;2014_N005;2014_N005;C;2014_E0217;0;NA;9;6;ID00007;UNK;;1.7;4.67;;;;;;NAPPL;
495;2014;2014_N006;2014_N005;CORT;2014_E0213;0;NA;9;6;ID00010;UNK;;2.6;6.11;;;;;;NAPPL;
496;2014;2014_N006;2014_N005;C;2014_E0214;0;NA;9;6;ID00009;UNK;;2.3;5.89;;;;;;NAPPL;
497;2014;2014_N007;2014_N008;T4;2014_E0265;0;NA;5;2;ID00015;UNK;;2.3;;;;;;;NAPPL;
498;2014;2014_N007;2014_N008;CORT;2014_E0267;0;NA;5;2;ID00014;UNK;;2.3;;;;;;;NAPPL;
499;2014;2014_N008;2014_N008;C;2014_E0262;0;NA;5;2;ID00016;UNK;;2.1;;;;;;;NAPPL;
500;2014;2014_N009;2014_N008;T4;2014_E0264;0;NA;5;3;ID00017;UNK;;1.6;;;;;;;NAPPL;
501;2014;2014_N016;2014_N016;T4;2014_E0359;0;NA;3;3;ID00035;UNK;;;4.4;7.9;10;;;;NAPPL;
502;2014;2014_N016;2014_N017;C;2014_E0434;0;NA;6;3;ID00043;UNK;;1.9;4.6;8.3;10.3;;;;NAPPL;
503;2014;2014_N016;2014_N017;C;2014_E0435;0;NA;6;3;ID00042;UNK;;1.7;3.7;7.1;9.8;;;;NAPPL;
504;2014;2014_N017;2014_N017;T4;2014_E0436;0;NA;6;1;ID00044;UNK;;2;5.2;9;10.9;;;;NAPPL;
505;2014;2014_N020;2014_N018;CORT;2014_E0543;0;NA;6;3;ID00047;UNK;;;;;;;;;NAPPL;
506;2014;2014_N019;2014_N019;CORT;2014_E0582;0;NA;8;6;ID00049;UNK;;1.2;4;7.1;;;;;NAPPL;
507;2014;2014_N020;2014_N019;T4;2014_E0577;0;NA;8;3;ID00052;UNK;;1.3;4;6.9;;;;;NAPPL;
508;2014;2014_N023;2014_N024;CORT;2014_E0629;0;NA;8;9;ID00061;UNK;;;;;;;;;NAPPL;
509;2014;2014_N035;2014_N035;C;2014_E0839;0;NA;7;6;ID00095;UNK;;;;;;;;;NAPPL;
510;2014;2014_N038;2014_N038;CORT;2014_E0947;0;NA;8;4;ID00103;UNK;;;5.99;;;;;;NAPPL;
511;2014;2014_N041;2014_N040;C;2014_E1094;0;NA;7;4;ID00123;UNK;;;;;;;;;NAPPL;
512;2014;2014_N045;2014_N045;CORT;2014_E1295;0;NA;10;5;ID00148;UNK;;;;;;;;;NAPPL;
513;2015;2015_N010;2015_N010;C;2015_E0101;0;1.14;7;6;ID00188;UNK;0.79;1.5;4.4;7.96;11.1;11.1;;;NAPPL;0.376666667
514;2015;2015_N012;2015_N010;C;2015_E0097;0;1.29;7;4;ID00191;UNK;0.8;;;;;;;;NAPPL;
515;2015;2015_N012;2015_N010;CORT;2015_E0098;0;1.28;7;4;ID00192;UNK;0.77;;;;;;;;NAPPL;
516;2015;2015_N011;2015_N010;C;2015_E0104;0;1.17;7;6;ID00190;M;0.81;2;4.8;8.92;12.2;12.6;;;NAPPL;0.67
517;2015;2015_N011;2015_N010;CORT;2015_E0105;0;1.12;7;6;ID00187;F;0.8;1.8;4.2;7.32;10.2;10.5;;;NAPPL;0.33
518;2015;2015_N011;2015_N010;T4;2015_E0106;0;1.11;7;6;ID00189;F;0.8;1.1;3;5.39;7.7;8.3;;;NAPPL;0.49
519;2015;2015_N008;2015_N008;CORT;2015_E0121;0;1.14;6;6;ID00196;UNK;0.68;;;;;;;;NAPPL;
520;2015;2015_N009;2015_N008;CORT;2015_E0124;0;1.27;6;6;ID00197;UNK;0.95;;;;;;;;NAPPL;
521;2015;2015_N009;2015_N008;T4;2015_E0125;0;1.27;6;6;ID00198;M;;1.07;;;;;;;NAPPL;
522;2015;2015_N018;2015_N018;T4;2015_E0202;0;1.31;10;9;ID00215;F;0.9;1.12;1.9;;;;;;NAPPL;
523;2015;2015_N017;2015_N018;T4;2015_E0200;0;1.02;10;6;ID00216;M;0.68;1.51;3.25;;;;;;NAPPL;
524;2015;2015_N021;2015_N022;CORT;2015_E0219;0;1.09;8;9;ID00224;UNK;0.61;;;;;;;;NAPPL;
525;2015;2015_N001;2015_N003;C;2015_E0331;0;1.17;10;5;ID00238;M;0.8;2;5.96;7.95;9.1;8.7;;;NAPPL;0.39
526;2015;2015_N001;2015_N003;T4;2015_E0333;0;1.05;10;5;ID00236;M;0.7;1;5.12;6.4;7.2;6.8;;;NAPPL;0.363333333
527;2015;2015_N003;2015_N003;C;2015_E0326;0;1.09;10;5;ID00232;F;0.8;1.8;5.39;7.28;7.8;7.3;;;NAPPL;0.203333333
528;2015;2015_N003;2015_N003;CORT;2015_E0327;0;1.13;10;5;ID00235;F;0.8;1.9;5.78;7.23;7.7;7.5;;;NAPPL;0.386666667
529;2015;2015_N002;2015_N003;C;2015_E0328;0;1.12;10;7;ID00233;F;0.7;1.4;4.9;6.44;6.9;6.8;;;NAPPL;0.266666667
530;2015;2015_N005;2015_N005;T4;2015_E0399;0;1.02;6;9;ID00243;UNK;0.67;;;;;;;;NAPPL;
531;2015;2015_N005;2015_N005;T4;2015_E0402;0;1.2;6;9;ID00244;F;0.87;1.6;4;7;5.9;;;;NAPPL;
532;2015;2015_N007;2015_N009;T4;2015_E0516;0;1.07;6;6;ID00270;UNK;0.63;;;;;;;;NAPPL;
533;2015;2015_N008;2015_N009;T4;2015_E0519;0;1.11;6;6;ID00271;UNK;0.83;;;;;;;;NAPPL;
534;2015;2015_N035;2015_N034;CORT;2015_E0554;0;1.05;8;6;ID00278;M;0.76;1;0.9;;;;;;NAPPL;
535;2015;2015_N035;2015_N034;T4;2015_E0555;0;1.16;8;6;ID00279;UNK;0.86;1.6;2.6;;;;;;NAPPL;
536;2015;2015_N036;2015_N036;CORT;2015_E0593;0;1.39;5;6;ID00286;UNK;0.89;;;;;;;;NAPPL;
537;2015;2015_N003;2015_N002;C;2015_E0607;0;1.11;6;5;ID00291;UNK;;;;;;;;;NAPPL;
538;2015;2015_N037;2015_N037;T4;2015_E0617;0;NA;3;2;ID00294;UNK;0.58;;;;;;;;NAPPL;
539;2015;2015_N027;2015_N027;C;2015_E0740;0;1.14;8;10;ID00313;UNK;;;;;;;;;NAPPL;
540;2015;2015_N027;2015_N027;CORT;2015_E0741;0;1.13;8;10;ID00312;UNK;0.76;;;;;;;;NAPPL;
541;2015;2015_N015;2015_N015;T4;2015_E0868;0;1.11;9;7;ID00328;UNK;0.78;1.16;;;;;;;NAPPL;
542;2015;2015_N040;2015_N039;C;2015_E0883;0;1.17;8;6;ID00329;UNK;0.8;1.86;;;;;;;NAPPL;
543;2015;2015_N040;2015_N039;CORT;2015_E0884;0;1.23;8;6;ID00330;F;0.88;1.77;;;;;;;NAPPL;
544;2015;2015_N040;2015_N039;T4;2015_E0885;0;1.22;8;6;ID00331;UNK;0.89;1.5;;;;;;;NAPPL;
545;2015;2015_N039;2015_N039;T4;2015_E0891;0;1.16;8;6;ID00332;F;0.81;2.39;;;;;;;NAPPL;
546;2015;2015_N041;2015_N039;C;2015_E0886;0;1.04;8;3;ID00333;UNK;0.68;1.91;;;;;;;NAPPL;
547;2015;2015_N041;2015_N039;T4;2015_E0888;0;1;8;3;ID00334;UNK;0.67;2.05;;;;;;;NAPPL;
548;2015;2015_N044;2015_N043;T4;2015_E0921;0;1.18;9;7;ID00355;M;0.75;1.1;2.1;;;;;;NAPPL;
549;2015;2015_N016;2015_N016;T4;2015_E0986;0;1.16;6;5;ID00367;UNK;;;;;;;;;NAPPL;
550;2015;2015_N018;2015_N017;T4;2015_E0993;0;1.4;8;9;ID00369;F;1;1.97;;;;;;;NAPPL;
551;2015;2015_N018;2015_N017;CORT;2015_EGGCODELOST1;0;1.16;8;9;ID00370;F;0.8;1.56;;;;;;;NAPPL;
552;2015;2015_N019;2015_N017;C;2015_E0995;0;1.16;8;8;ID00371;M;0.8;1.77;;;;;;;NAPPL;
553;2015;2015_N019;2015_N017;CORT;2015_E0996;0;1.19;8;8;ID00372;M;0.9;1.62;;;;;;;NAPPL;
554;2015;2015_N019;2015_N017;T4;2015_E0997;0;1.09;8;8;ID00373;UNK;0.69;1.17;;;;;;;NAPPL;
555;2015;2015_N017;2015_N017;C;2015_E0990;0;1.06;8;6;ID00374;UNK;0.9;1.28;;;;;;;NAPPL;
556;2015;2015_N017;2015_N017;CORT;2015_E0991;0;1.09;8;6;ID00375;M;0.7;1.25;;;;;;;NAPPL;
557;2015;2015_N048;2015_N048;C;2015_E1044;0;1.35;6;8;ID00393;UNK;0.91;;;;;;;;NAPPL;
558;2015;2015_N053;2015_N054;CORT;2015_E1114;0;1.05;7;3;ID00403;UNK;0.72;;;;;;;;NAPPL;
559;2015;2015_N054;2015_N054;T4;2015_E1106;0;0.92;7;6;ID00404;UNK;0.6;;;;;;;;NAPPL;
560;2015;2015_N030;2015_N028;T4;2015_E1137;0;1.16;9;7;ID00412;M;0.84;1.2;3.23;5.6;;;;;NAPPL;
561;2015;2015_N046;2015_N047;CORT;2015_E1188;0;1.2;7;6;ID00419;UNK;;;;;;;;;NAPPL;
562;2015;2015_N055;2015_N055;CORT;2015_E1221;0;0.97;7;5;ID00424;UNK;0.64;;;;;;;;NAPPL;
563;2015;2015_N014;2015_N014;T4;2015_E1283;0;1.33;5;5;ID00450;UNK;0.97;1.19;3.7;;;;;;NAPPL;
564;2015;2015_N039;2015_N040;C;2015_E1394;0;1.16;5;6;ID00462;M;0.87;3.1;5.7;9.92;;;;;NAPPL;
565;2015;2015_N040;2015_N040;CORT;2015_E1386;0;1.24;5;6;ID00463;M;0.8;1.6;3.9;7.75;;;;;NAPPL;
566;2015;2015_N049;2015_N049;T4;2015_E1471;0;1.14;11;8;ID00488;M;0.9;;;;;;;;NAPPL;
567;2016;2016_N004;2016_N004;T4;2016_E0050;0;1.38;9;6;ID00498;M;0.97;2.3;;;;;;;NAPPL;
568;2016;2016_N004;2016_N004;T4;2016_E0051;0;1.3;9;6;ID00496;M;0.91;2.1;;;;;;;NAPPL;
569;2016;2016_N004;2016_N004;CORT;2016_E0052;0;1.32;9;6;ID00497;F;0.96;2.1;;;;;;;NAPPL;
570;2016;2016_N004;2016_N004;C;2016_E0053;0;1.24;9;6;ID00499;F;0.88;1.8;;;;;;;NAPPL;
571;2016;2016_N005;2016_N004;T4;2016_E0057;0;1.27;9;4;ID00500;UNK;0.87;1.4;;;;;;;NAPPL;
572;2016;2016_N006;2016_N004;T4;2016_E0054;0;1.39;9;8;ID00503;F;1.03;2.7;;;;;;;NAPPL;
573;2016;2016_N006;2016_N004;CORT;2016_E0055;0;1.26;9;8;ID00501;F;0.91;1;;;;;;;NAPPL;
574;2016;2016_N006;2016_N004;C;2016_E0056;0;1.28;9;8;ID00502;UNK;0.95;2.4;;;;;;;NAPPL;
575;2016;2016_N009;2016_N007;C;2016_E0093;0;1.17;8;4;ID00510;UNK;0.85;;;;;;;;NAPPL;
576;2016;2016_N016;2016_N015;CORT;2016_E0379;0;1.24;9;5;ID00571;UNK;0.88;;;;;;;;NAPPL;
577;2016;2016_N021;2016_N020;T4;2016_E0238;0;1.22;6;5;ID00542;M;0.9;2.03;3.9;7.9;10.18;;;;NAPPL;
578;2016;2016_N026;2016_N027;T4;2016_E0304;0;1.18;8;6;ID00556;UNK;0.7;;;;;;;;NAPPL;
579;2016;2016_N003;2016_N002;T4;2016_E0536;0;1.27;6;8;ID00601;F;0.77;1.7;;;;;;;NAPPL;
580;2016;2016_N035;2016_N035;C;2016_E0677;0;1.14;8;3;ID00612;UNK;0.89;;;;;;;;NAPPL;
581;2016;2016_N016;2016_N017;C;2016_E0716;0;1.18;12;5;ID00627;M;0.84;1.59;;;;;;;NAPPL;
582;2016;2016_N039;2016_N043;T4;2016_E0762;0;1.09;3;5;ID00629;M;0.77;1.8;5.03;;;;;;NAPPL;
583;2016;2016_N039;2016_N043;CORT;2016_E0763;0;1.03;3;5;ID00628;M;0.72;1.7;4.55;;;;;;NAPPL;
584;2016;2016_N039;2016_N043;C;2016_E0764;0;1.09;3;5;ID00630;F;0.8;2;5.71;;;;;;NAPPL;
585;2016;2016_N040;2016_N040;T4;2016_E0792;0;1.18;4;3;ID00631;UNK;0.82;1.5;;;;;;;NAPPL;
586;2016;2016_N041;2016_N040;CORT;2016_E0788;0;1.05;4;5;ID00632;UNK;0.73;1.1;;;;;;;NAPPL;
587;2016;2016_N041;2016_N040;CORT;2016_E0789;0;1.01;4;5;ID00633;UNK;0.71;;;;;;;;NAPPL;
588;2016;2016_N040;2016_N041;T4;2016_E0834;0;1.2;7;3;ID00639;UNK;0.83;;;;;;;;NAPPL;
589;2016;2016_N041;2016_N041;C;2016_E0833;0;0.96;7;5;ID00640;UNK;0.66;;;;;;;;NAPPL;
590;2016;2016_N049;2016_N046;C;2016_E1016;Y;1.15;9;5;ID00662;UNK;0.87;;;;;;;;NAPPL;
591;2016;2016_N047;2016_N046;CORT;2016_E1017;0;1.19;9;2;ID00663;UNK;;;;;;;;;NAPPL;
592;2016;2016_N012;2016_N012;T4;2016_E1099;0;1.24;6;3;ID00677;F;0.98;1.8;4.6;7.7;10.39;;;;NAPPL;
593;2016;2016_N051;2016_N051;C;2016_E1155;0;1.24;9;7;ID00686;UNK;0.88;;;;;;;;NAPPL;
594;2016;2016_N019;2016_N050;CORT;2016_E1163;0;1.19;10;9;ID00692;M;0.65;;;;;;;;NAPPL;
595;2016;2016_N026;2016_N024;CORT;2016_E1447;0;1.19;8;6;ID00741;F;0.83;1.2;;;;;;;NAPPL;
596;2014;2014_N004;2014_N004;CORT;2014_E0190;0;NA;9;4;ID00001;M;;2.2;5.26;9.31;10.8;;13.1;16.88;MEASURER4;
597;2014;2014_N008;2014_N007;C;2014_E0255;0;NA;6;2;ID00011;M;;2.3;5.7;8.8;10.6;;11.89;16.99;MEASURER4;
598;2014;2014_N009;2014_N007;C;2014_E0256;0;NA;6;3;ID00012;F;;2.2;5.1;8.1;10;;10.48;16.51;MEASURER4;
599;2014;2014_N009;2014_N007;C;2014_E0257;0;NA;6;3;ID00013;M;;2.3;5.7;8.9;11.5;;11.63;17.19;MEASURER4;
600;2014;2014_N010;2014_N010;T4;2014_E0280;0;NA;9;5;ID00018;M;;2.34;6.1;9.2;10.6;;12.18;16.73;MEASURER4;
601;2014;2014_N011;2014_N010;CORT;2014_E0276;0;NA;9;5;ID00019;M;;1.92;5.3;8;10.1;;11.78;16.75;MEASURER4;
602;2014;2014_N012;2014_N010;T4;2014_E0277;0;NA;9;3;ID00020;M;;2.08;5.8;9;11;;12.17;17.2;MEASURER4;
603;2014;2014_N012;2014_N010;C;2014_E0279;0;NA;9;3;ID00021;M;;2.43;6.3;9.2;11.1;;12.66;16.95;MEASURER4;
604;2014;2014_N010;2014_N011;T4;2014_E0296;0;NA;10;5;ID00023;M;;2.35;6;9.2;11.3;;12.89;16.75;MEASURER4;
605;2014;2014_N010;2014_N011;CORT;2014_E0297;0;NA;10;5;ID00022;M;;2.84;6.7;9.8;11.4;;12.37;17.13;MEASURER4;
606;2014;2014_N011;2014_N011;CORT;2014_E0291;0;NA;10;5;ID00024;F;;2.87;6.5;9;10.7;;10.83;17.02;MEASURER4;
607;2014;2014_N011;2014_N011;C;2014_E0292;0;NA;10;5;ID00025;M;;2.56;6.4;9.3;11;;11.37;17.44;MEASURER4;
608;2014;2014_N012;2014_N011;C;2014_E0295;0;NA;10;3;ID00026;UNK;;2.62;6.4;9.4;11.4;;12.06;17.08;MEASURER4;
609;2014;2014_N010;2014_N012;T4;2014_E0320;0;NA;8;5;ID00028;UNK;;2.4;6.04;9.3;11.6;12.02;;16.05;MEASURER4;
610;2014;2014_N010;2014_N012;C;2014_E0322;0;NA;8;5;ID00027;UNK;;2.2;5.72;9.1;11.7;12.17;;17.09;MEASURER4;
611;2014;2014_N011;2014_N012;T4;2014_E0315;0;NA;8;5;ID00030;UNK;;1.8;5.06;8.6;11.6;12.73;;16.52;MEASURER4;
612;2014;2014_N011;2014_N012;CORT;2014_E0316;0;NA;8;5;ID00029;UNK;;2.5;6.29;8.6;11.2;11.87;;16.7;MEASURER4;
613;2014;2014_N013;2014_N013;C;2014_E0341;0;NA;8;3;ID00031;UNK;;1.8;4.6;8;11.2;;12.24;17.23;MEASURER4;
614;2014;2014_N014;2014_N013;CORT;2014_E0343;0;NA;8;4;ID00032;F;;2;4.7;8;10.8;;11.25;17.15;MEASURER4;
615;2014;2014_N015;2014_N013;T4;2014_E0345;0;NA;8;6;ID00033;F;;1.4;3.8;6.6;9.6;;11.27;16.34;MEASURER4;
616;2014;2014_N015;2014_N013;CORT;2014_E0346;0;NA;8;6;ID00034;F;;1.3;3.8;6.9;9.6;;11.6;17.06;MEASURER4;
617;2014;2014_N013;2014_N014;T4;2014_E0422;0;NA;8;3;ID00036;F;;1.6;4.5;7.6;9.9;;10.97;17.3;MEASURER4;
618;2014;2014_N013;2014_N014;CORT;2014_E0423;0;NA;8;3;ID00037;F;;1.2;3.5;6.9;9.1;;10.3;17.15;MEASURER4;
619;2014;2014_N014;2014_N014;T4;2014_E0425;0;NA;8;4;ID00040;M;;1.8;5;8.7;11.4;;11.86;17.47;MEASURER4;
620;2014;2014_N014;2014_N014;CORT;2014_E0426;0;NA;8;4;ID00038;M;;1;3.2;6.2;8.8;;10.07;17.59;MEASURER4;
621;2014;2014_N014;2014_N014;C;2014_E0427;0;NA;8;4;ID00039;M;;1.9;5.3;8.7;11;;11.6;17.65;MEASURER4;
622;2014;2014_N015;2014_N014;T4;2014_E0428;0;NA;8;6;ID00041;F;;1.2;3.6;6.8;9.6;;10.83;16.74;MEASURER4;
623;2014;2014_N019;2014_N018;T4;2014_E0548;0;NA;6;6;ID00045;M;;1.2;4.1;7.3;10.3;;11.21;16.82;MEASURER4;
624;2014;2014_N019;2014_N018;CORT;2014_E0549;0;NA;6;6;ID00046;M;;1.3;4.3;7.3;10.3;;11.05;15.15;MEASURER4;
625;2014;2014_N018;2014_N019;C;2014_E0580;0;NA;8;1;ID00048;F;;1.7;4.8;7.7;10.7;;10.25;15.76;MEASURER4;
626;2014;2014_N019;2014_N019;T4;2014_E0581;0;NA;8;6;ID00050;F;;1.3;4;7;10.3;;11.49;15.8;MEASURER4;
627;2014;2014_N020;2014_N019;CORT;2014_E0578;0;NA;8;3;ID00051;F;;1.2;3.7;6.3;9.4;;10.58;15.45;MEASURER4;
628;2014;2014_N019;2014_N020;CORT;2014_E0590;0;NA;7;6;ID00053;F;;1.8;3.7;7.1;9.6;;11.22;16.49;MEASURER4;
629;2014;2014_N019;2014_N020;C;2014_E0591;0;NA;7;6;ID00054;F;;1.4;2.9;6.3;8.9;;10.48;16.58;MEASURER4;
630;2014;2014_N021;2014_N021;T4;2014_E0605;0;NA;5;4;ID00055;F;;3;5.5;8.6;10.7;;11.93;16.9;MEASURER4;
631;2014;2014_N023;2014_N021;T4;2014_E0602;0;NA;5;9;ID00058;F;;3.5;6.2;9.2;10.9;;11.89;17.35;MEASURER4;
632;2014;2014_N023;2014_N021;CORT;2014_E0603;0;NA;5;9;ID00057;M;;3.9;6.7;9.9;11.9;;12.7;17.25;MEASURER4;
633;2014;2014_N023;2014_N021;C;2014_E0604;0;NA;5;9;ID00056;M;;4.4;7.1;11.04;12.5;;12.73;16.7;MEASURER4;
634;2014;2014_N021;2014_N024;C;2014_E0633;0;NA;8;4;ID00059;F;;2.3;4.6;7.8;10.6;;11.63;16.57;MEASURER4;
635;2014;2014_N024;2014_N024;CORT;2014_E0626;0;NA;8;2;ID00060;M;;2.4;5.3;8.8;11.1;;12.3;16.94;MEASURER4;
636;2014;2014_N023;2014_N024;T4;2014_E0628;0;NA;8;9;ID00062;M;;3.7;5.7;8.9;10.7;;11.13;16.92;MEASURER4;
637;2014;2014_N023;2014_N024;C;2014_E0630;0;NA;8;9;ID00063;M;;2.7;5.9;9.3;12;;12.84;17.78;MEASURER4;
638;2014;2014_N021;2014_N023;T4;2014_E0652;0;NA;10;4;ID00065;UNK;;1.8;4.3;7.6;10.3;;11.44;17.88;MEASURER4;
639;2014;2014_N021;2014_N023;T4;2014_E0654;0;NA;10;4;ID00064;UNK;;1.4;3.6;6.4;9.7;;11.23;17.3;MEASURER4;
640;2014;2014_N024;2014_N023;T4;2014_E0647;0;NA;10;2;ID00066;UNK;;1.6;4.2;7.1;9.8;;11.67;16.4;MEASURER4;
641;2014;2014_N023;2014_N023;T4;2014_E0649;0;NA;10;9;ID00069;UNK;;1.8;4.5;8;10.8;;12.56;17.37;MEASURER4;
642;2014;2014_N023;2014_N023;CORT;2014_E0650;0;NA;10;9;ID00068;UNK;;2;4.7;8;10.3;;12.26;17.74;MEASURER4;
643;2014;2014_N023;2014_N023;C;2014_E0651;0;NA;10;9;ID00067;UNK;;2.1;5.2;8.7;11.5;;12.34;17.6;MEASURER4;
644;2014;2014_N003;2014_N002;T4;2014_E0655;0;NA;6;3;ID00071;M;;;;6.7;;;9.04;14.89;MEASURER4;
645;2014;2014_N003;2014_N002;C;2014_E0657;0;NA;6;3;ID00070;F;;;;7.5;;;9.63;14.66;MEASURER4;
646;2014;2014_N025;2014_N025;CORT;2014_E0685;0;NA;8;5;ID00073;F;;1.5;4;7.34;9.8;;10.41;16.36;MEASURER4;
647;2014;2014_N025;2014_N025;C;2014_E0686;0;NA;8;5;ID00072;M;;2;5.2;8.36;10.7;;11.04;15.97;MEASURER4;
648;2014;2014_N026;2014_N025;T4;2014_E0687;0;NA;8;5;ID00074;F;;1.8;4.9;8.04;10.5;;10.6;15.44;MEASURER4;
649;2014;2014_N027;2014_N025;T4;2014_E0690;0;NA;8;5;ID00076;M;;1.2;3.5;6.91;10.4;;11.35;16.93;MEASURER4;
650;2014;2014_N027;2014_N025;CORT;2014_E0691;0;NA;8;5;ID00075;UNK;;1.5;3.8;7.5;10;;11.37;16.14;MEASURER4;
651;2014;2014_N027;2014_N025;C;2014_E0692;0;NA;8;5;ID00077;F;;1.4;3.7;6.9;9.8;;10.75;15.2;MEASURER4;
652;2014;2014_N028;2014_N028;T4;2014_E0703;0;NA;8;5;ID00079;M;;1.4;4.1;6.51;9.2;;10.11;15.73;MEASURER4;
653;2014;2014_N028;2014_N028;CORT;2014_E0704;0;NA;8;5;ID00078;M;;1.5;4;6.72;9.8;;10.49;15.97;MEASURER4;
654;2014;2014_N029;2014_N028;C;2014_E0707;0;NA;8;4;ID00080;F;;1.2;3.6;7.45;10.5;;11.33;16.08;MEASURER4;
655;2014;2014_N030;2014_N028;CORT;2014_E0709;0;NA;8;5;ID00081;M;;1.8;4.5;7.69;10.2;;10.99;16.13;MEASURER4;
656;2014;2014_N031;2014_N031;CORT;2014_E0730;0;NA;6;4;ID00082;F;;2.8;5.6;8.9;10.9;;8.75;16.4;MEASURER4;
657;2014;2014_N032;2014_N031;T4;2014_E0735;0;NA;6;6;ID00083;M;;3.2;6.4;10.3;12.6;;12.54;17.73;MEASURER4;
658;2014;2014_N032;2014_N031;T4;2014_E0736;0;NA;6;6;ID00084;M;;3;6.1;9.8;12.1;;12.21;17.18;MEASURER4;
659;2014;2014_N025;2014_N026;T4;2014_E0768;0;NA;7;5;ID00085;F;;1.7;4.2;7.56;9.6;;11.42;16.7;MEASURER4;
660;2014;2014_N026;2014_N026;T4;2014_E0771;0;NA;7;5;ID00087;M;;1.8;4.4;7.77;9.9;;12.37;16.51;MEASURER4;
661;2014;2014_N026;2014_N026;CORT;2014_E0772;0;NA;7;5;ID00086;M;;2.4;5;8.68;10.3;;12.02;17.58;MEASURER4;
662;2014;2014_N026;2014_N026;C;2014_E0773;0;NA;7;5;ID00088;F;;1.4;3.2;7.56;8;;10.79;16.3;MEASURER4;
663;2014;2014_N027;2014_N026;CORT;2014_E0776;0;NA;7;5;ID00089;F;;1.4;3.2;6.48;8.2;;10.59;16.86;MEASURER4;
664;2014;2014_N025;2014_N027;T4;2014_E0794;0;NA;8;5;ID00090;UNK;;;;;;;;;MEASURER4;
665;2014;2014_N025;2014_N027;C;2014_E0796;0;NA;8;5;ID00091;F;;1.4;3.6;6.5;8.8;;9.48;16.22;MEASURER4;
666;2014;2014_N026;2014_N027;T4;2014_E0797;0;NA;8;5;ID00092;UNK;;;;;;;;;MEASURER4;
667;2014;2014_N027;2014_N027;CORT;2014_E0800;0;NA;8;5;ID00093;M;;1.3;3.3;6.8;9.2;;10.52;17.26;MEASURER4;
668;2014;2014_N034;2014_N033;T4;2014_E0815;0;NA;4;3;ID00094;M;;2.9;5.6;8.8;11;;10.5;17.04;MEASURER4;
669;2014;2014_N035;2014_N035;T4;2014_E0837;0;NA;7;6;ID00096;M;;2;5.58;8.5;10.7;;11.58;17.12;MEASURER4;
670;2014;2014_N036;2014_N035;T4;2014_E0840;0;NA;7;4;ID00097;M;;1.8;4.88;7.8;9.8;;11.1;17.68;MEASURER4;
671;2014;2014_N037;2014_N035;C;2014_E0844;0;NA;7;4;ID00098;UNK;;2.5;6.05;9.4;11.2;;11.96;17.33;MEASURER4;
672;2014;2014_N033;2014_N034;T4;2014_E0859;0;NA;4;1;ID00099;M;;1.7;5.05;8.2;12;;12.29;16.21;MEASURER4;
673;2014;2014_N034;2014_N034;T4;2014_E0857;0;NA;4;3;ID00100;F;;1.7;4.72;7.1;10.5;;10.74;15.64;MEASURER4;
674;2014;2014_N031;2014_N038;T4;2014_E0943;0;NA;8;4;ID00102;F;;2.2;5.69;8.5;10.1;;10.8;16.58;MEASURER4;
675;2014;2014_N031;2014_N038;C;2014_E0945;0;NA;8;4;ID00101;M;;2.1;5.75;8.94;10.7;;11.51;16.42;MEASURER4;
676;2014;2014_N038;2014_N038;T4;2014_E0946;0;NA;8;4;ID00104;F;;2.3;5.81;9.2;11.1;;12.02;17.04;MEASURER4;
677;2014;2014_N032;2014_N038;T4;2014_E0948;0;NA;8;6;ID00105;F;;2.4;5.83;9.4;11.9;;12.7;16.66;MEASURER4;
678;2014;2014_N032;2014_N038;CORT;2014_E0949;0;NA;8;6;ID00106;F;;2.4;6.24;8.82;11.1;;11.28;16.41;MEASURER4;
679;2014;2014_N004;2014_N006;T4;2014_E0972;0;NA;8;4;ID00107;M;;4.3;8.25;11.4;12.5;;13.26;18.17;MEASURER4;
680;2014;2014_N004;2014_N006;CORT;2014_E0973;0;NA;8;4;ID00108;M;;3.6;7.4;10.7;12.8;;13.62;18.19;MEASURER4;
681;2014;2014_N005;2014_N006;T4;2014_E0978;0;NA;8;6;ID00110;M;;2;5.34;9.3;11.5;;12.26;17.68;MEASURER4;
682;2014;2014_N005;2014_N006;CORT;2014_E0979;0;NA;8;6;ID00109;F;;2.7;6.16;9.4;10.6;;10.14;16.35;MEASURER4;
683;2014;2014_N006;2014_N006;CORT;2014_E0976;0;NA;8;6;ID00112;M;;2.5;5.8;9.3;10.6;;11.75;17.26;MEASURER4;
684;2014;2014_N006;2014_N006;C;2014_E0977;0;NA;8;6;ID00111;F;;2.6;6.17;9.8;11.5;;11.89;17.83;MEASURER4;
685;2014;2014_N035;2014_N036;T4;2014_E0998;0;NA;7;6;ID00115;M;;2.2;4.82;7.9;10.7;;11.36;16.92;MEASURER4;
686;2014;2014_N035;2014_N036;CORT;2014_E0999;0;NA;7;6;ID00113;F;;2;4.64;7.3;9.2;;9.61;16.39;MEASURER4;
687;2014;2014_N035;2014_N036;C;2014_E1000;0;NA;7;6;ID00114;M;;2.5;5.43;8;10.6;;11.16;16.54;MEASURER4;
688;2014;2014_N036;2014_N036;CORT;2014_E1002;0;NA;7;4;ID00116;F;;1.9;4.2;7.4;9.5;;9.79;16.5;MEASURER4;
689;2014;2014_N037;2014_N036;C;2014_E1006;0;NA;7;4;ID00117;M;;2.3;5.31;8.6;11.6;;12.23;17.1;MEASURER4;
690;2014;2014_N031;2014_N032;T4;2014_E1007;0;NA;10;4;ID00118;UNK;;;5.99;;;;;;MEASURER4;
691;2014;2014_N038;2014_N032;T4;2014_E1009;0;NA;10;4;ID00119;M;;1.8;4.54;8.3;10.4;;11.7;17.48;MEASURER4;
692;2014;2014_N038;2014_N032;CORT;2014_E1010;0;NA;10;4;ID00120;F;;2.1;4.77;8.1;10.3;;10.82;16.84;MEASURER4;
693;2014;2014_N032;2014_N032;CORT;2014_E1011;0;NA;10;6;ID00121;UNK;;;;;;;;;MEASURER4;
694;2014;2014_N032;2014_N032;C;2014_E1012;0;NA;10;6;ID00122;F;;1.6;3.46;7.1;9.6;;10.41;17.14;MEASURER4;
695;2014;2014_N041;2014_N040;T4;2014_E1092;0;NA;7;4;ID00125;UNK;;2.4;5.5;10.1;12.1;;11.83;17.75;MEASURER4;
696;2014;2014_N041;2014_N040;CORT;2014_E1093;0;NA;7;4;ID00124;F;;2;5.03;9.3;11.6;;12.28;17.33;MEASURER4;
697;2014;2014_N042;2014_N040;T4;2014_E1088;0;NA;7;3;ID00126;M;;1.8;4.92;8.9;10.9;;11.27;17.67;MEASURER4;
698;2014;2014_N041;2014_N041;T4;2014_E1128;0;NA;5;4;ID00127;M;;2;4.69;8.8;11.1;;11.25;16.58;MEASURER4;
699;2014;2014_N042;2014_N041;T4;2014_E1125;0;NA;5;3;ID00128;M;;2.2;5.23;9.6;12;;12.54;17.44;MEASURER4;
700;2014;2014_N035;2014_N037;T4;2014_E1171;0;NA;5;6;ID00129;F;;0.9;3;5.43;8.8;;10.28;16.24;MEASURER4;
701;2014;2014_N036;2014_N037;T4;2014_E1173;0;NA;5;4;ID00131;F;;1.3;4.2;6.91;9.9;;10.43;16.25;MEASURER4;
702;2014;2014_N036;2014_N037;CORT;2014_E1174;0;NA;5;4;ID00130;F;;1.4;4.1;7.5;9.5;;10.52;16.55;MEASURER4;
703;2014;2014_N037;2014_N037;T4;2014_E1176;0;NA;5;4;ID00132;UNK;;1.4;4.7;8.7;11.7;;12.08;16.65;MEASURER4;
704;2014;2014_N043;2014_N037;CORT;2014_E1177;0;NA;5;4;ID00133;F;;1.6;4.7;8.47;11.2;;12;16.21;MEASURER4;
705;2014;2014_N028;2014_N030;CORT;2014_E1190;0;NA;9;5;ID00134;M;;2;4.5;6.5;9.64;;10.43;15.25;MEASURER4;
706;2014;2014_N029;2014_N030;T4;2014_E1192;0;NA;9;4;ID00136;F;;2.1;4.8;6.5;10.34;;11.4;15.99;MEASURER4;
707;2014;2014_N029;2014_N030;CORT;2014_E1193;0;NA;9;4;ID00135;F;;2;4.5;6.7;9.58;;10.25;15.6;MEASURER4;
708;2014;2014_N030;2014_N030;T4;2014_E1194;0;NA;9;5;ID00137;M;;2.1;4.6;6.1;9.47;;10.41;16.02;MEASURER4;
709;2014;2014_N030;2014_N030;CORT;2014_E1195;0;NA;9;5;ID00139;UNK;;2;4.7;7.1;10.02;;11.03;15.79;MEASURER4;
710;2014;2014_N030;2014_N030;C;2014_E1196;0;NA;9;5;ID00138;M;;2;4.8;7.4;9.92;;11.43;16.4;MEASURER4;
711;2014;2014_N044;2014_N044;CORT;2014_E1239;0;NA;11;4;ID00141;UNK;;2.4;5.1;8;9.1;;11.65;17.6;MEASURER4;
712;2014;2014_N044;2014_N044;C;2014_E1240;0;NA;11;4;ID00140;UNK;;2.6;5.5;8;9.9;;10.78;16.96;MEASURER4;
713;2014;2014_N045;2014_N044;T4;2014_E1244;0;NA;11;5;ID00143;UNK;;2.4;5;7.4;9.5;;10.67;16.3;MEASURER4;
714;2014;2014_N045;2014_N044;CORT;2014_E1245;0;NA;11;5;ID00142;UNK;;2.7;5.5;8;9.9;;11.24;16.64;MEASURER4;
715;2014;2014_N046;2014_N044;T4;2014_E1241;0;NA;11;5;ID00146;UNK;;3.3;6.7;9.8;11.4;;12.63;17.71;MEASURER4;
716;2014;2014_N046;2014_N044;CORT;2014_E1242;0;NA;11;6;ID00145;UNK;;3.2;6.2;8.5;10.7;;10.7;16.47;MEASURER4;
717;2014;2014_N046;2014_N044;C;2014_E1243;0;NA;11;6;ID00144;UNK;;2.7;5.7;8.4;10.5;;11.44;16.72;MEASURER4;
718;2014;2014_N044;2014_N045;T4;2014_E1290;0;NA;10;4;ID00147;UNK;;2;5;8.5;10.7;;12.5;17.89;MEASURER4;
719;2014;2014_N045;2014_N045;C;2014_E1297;0;NA;10;5;ID00149;UNK;;1.5;4;6.6;9.5;;11.35;17.22;MEASURER4;
720;2014;2014_N046;2014_N045;CORT;2014_E1293;0;NA;10;6;ID00151;UNK;;2.4;5.4;8.8;11.3;;12.91;17.69;MEASURER4;
721;2014;2014_N046;2014_N045;C;2014_E1294;0;NA;10;6;ID00150;UNK;;2.4;5.5;8.7;11.2;;12.68;18.19;MEASURER4;
722;2014;2014_N044;2014_N046;C;2014_E1331;0;NA;7;4;ID00152;UNK;;2.5;5.1;7.2;9.5;;10.7;16.58;MEASURER4;
723;2014;2014_N045;2014_N046;T4;2014_E1334;0;NA;7;5;ID00153;UNK;;2.7;5.6;8.1;10.4;;11.9;16.87;MEASURER4;
724;2014;2014_N046;2014_N046;T4;2014_E1332;0;NA;7;6;ID00154;UNK;;1.8;3.8;6.8;10.1;;10.97;17.1;MEASURER4;
725;2014;2014_N046;2014_N046;CORT;2014_E1333;0;NA;7;6;ID00155;UNK;;3;6;8.8;11.1;;11.97;16.9;MEASURER4;
726;2014;2014_N034;2014_N043;C;2014_E1352;0;NA;3;3;ID00156;M;;2.3;6.1;9.29;11.8;;12.2;17.41;MEASURER4;
727;2014;2014_N043;2014_N043;T4;2014_E1347;0;NA;3;1;ID00157;F;;1.7;5.1;9.39;11;;10.43;16.78;MEASURER4;
728;2014;2014_N013;2014_N015;T4;2014_E1479;0;NA;6;3;ID00158;UNK;;1.3;3.7;6.8;9.4;;10.08;15.51;MEASURER4;
729;2014;2014_N015;2014_N015;T4;2014_E1485;0;NA;6;6;ID00161;M;;2.4;5.7;9.2;11.1;;11.39;16.77;MEASURER4;
730;2014;2014_N015;2014_N015;CORT;2014_E1486;0;NA;6;6;ID00159;UNK;;2.1;6;9.4;11.7;;12.21;16.67;MEASURER4;
731;2014;2014_N015;2014_N015;C;2014_E1487;0;NA;6;6;ID00160;UNK;;2.1;5.3;9.1;11.7;;12.85;16.71;MEASURER4;
732;2014;2014_N040;2014_N042;T4;2014_E1492;0;NA;7;2;ID00162;UNK;;2.4;5.6;8.6;11.1;;11.04;16.81;MEASURER4;
733;2014;2014_N040;2014_N042;CORT;2014_E1493;0;NA;7;2;ID00163;F;;2;4.6;7.3;9.3;;9.87;16;MEASURER4;
734;2014;2014_N042;2014_N042;CORT;2014_E1489;0;NA;7;3;ID00164;F;;2.1;5.3;8.4;10.8;;10.97;16.18;MEASURER4;
735;2014;2014_N001;2014_N003;T4;2014_E1500;0;NA;5;6;ID00165;F;;1.5;4.4;7.5;9.8;;10.4;16.32;MEASURER4;
736;2014;2014_N001;2014_N003;C;2014_E1502;0;NA;5;6;ID00166;F;;1.8;4.9;8.2;10.2;;10;16.15;MEASURER4;
737;2014;2014_N002;2014_N003;T4;2014_E1504;0;NA;5;4;ID00168;M;;1.8;4.8;8;10.7;;10.58;16.89;MEASURER4;
738;2014;2014_N002;2014_N003;CORT;2014_E1505;0;NA;5;4;ID00167;M;;2.2;5.8;9.1;11.2;;11.46;16.82;MEASURER4;
739;2015;2015_N002;2015_N003;CORT;2015_E0329;0;1.18;10;7;ID00234;M;0.8;2.2;7.03;8.78;9.6;9.1;9.8;16.28;MEASURER4;0.306666667
740;2015;2015_N002;2015_N003;T4;2015_E0330;0;NA;10;7;ID00237;M;0.8;2.6;7.15;8.95;9.4;9.2;10.1;16.66;MEASURER4;0.443333333